,signalerLocation,receiverLocation,intention,signalSpace,targetDictionary,nTargets,barrier,abstractSetup,receiverIntentionDict,revTargetDict,barrierDict,recTraj,recActSeq,sigTraj,sigActSeq
0,"(4, 0)","(4, 7)",purple circle,"['square', 'circle', 'triangle', 'green', 'red', 'purple']","{(4, 2): 'red triangle', (7, 0): 'red square', (6, 8): 'green circle', (3, 8): 'green square', (6, 4): 'purple circle'}",5,R,"{'receiver': ['A1', 'B1'], 'signaler': ['C3', 'B3'], 'flipped': ['A2']}","{'square': 'green square', 'circle': 'green circle', 'triangle': 'red triangle', 'green': 'green circle', 'red': 'red triangle', 'purple': 'purple circle'}","{'red triangle': (4, 2), 'red square': (7, 0), 'green circle': (6, 8), 'green square': (3, 8), 'purple circle': (6, 4)}","{'up': '(3, 5), (4, 5), (5, 5), (6, 5), (7, 5), (8, 5)', 'down': '(3, 6), (4, 6), (5, 6), (6, 6), (7, 6), (8, 6)', 'left': '', 'right': ''}","{'red triangle': [(4, 7), (3, 7), (2, 7), (2, 6), (2, 5), (2, 4), (2, 3), (2, 2), (3, 2), (4, 2)], 'red square': [(4, 7), (4, 6), (3, 6), (2, 6), (2, 5), (3, 5), (4, 5), (5, 5), (6, 5), (7, 5), (7, 4), (7, 3), (7, 2), (7, 1), (7, 0)], 'green circle': [(4, 7), (4, 8), (5, 8), (6, 8)], 'green square': [(4, 7), (3, 7), (3, 8)], 'purple circle': [(4, 7), (3, 7), (2, 7), (2, 6), (2, 5), (2, 4), (3, 4), (4, 4), (5, 4), (6, 4)]}","{'red triangle': ['left', 'left', 'down', 'down', 'down', 'down', 'down', 'right', 'right'], 'red square': ['down', 'left', 'left', 'down', 'right', 'right', 'right', 'right', 'right', 'down', 'down', 'down', 'down', 'down'], 'green circle': ['up', 'right', 'right'], 'green square': ['left', 'up'], 'purple circle': ['left', 'left', 'down', 'down', 'down', 'right', 'right', 'right', 'right']}","{'red triangle': [(4, 0), (4, 1), (4, 2)], 'red square': [(4, 0), (5, 0), (6, 0), (7, 0)], 'green circle': [(4, 0), (4, 1), (4, 2), (4, 3), (4, 4), (4, 5), (3, 5), (2, 5), (2, 6), (2, 7), (2, 8), (3, 8), (4, 8), (5, 8), (6, 8)], 'green square': [(4, 0), (4, 1), (4, 2), (4, 3), (4, 4), (4, 5), (3, 5), (2, 5), (2, 6), (2, 7), (2, 8), (3, 8)], 'purple circle': [(4, 0), (4, 1), (4, 2), (4, 3), (4, 4), (5, 4), (6, 4)]}","{'red triangle': ['up', 'up'], 'red square': ['right', 'right', 'right'], 'green circle': ['up', 'up', 'up', 'up', 'up', 'left', 'left', 'up', 'up', 'up', 'right', 'right', 'right', 'right'], 'green square': ['up', 'up', 'up', 'up', 'up', 'left', 'left', 'up', 'up', 'up', 'right'], 'purple circle': ['up', 'up', 'up', 'up', 'right', 'right']}"
1,"(4, 0)","(4, 7)",purple circle,"['square', 'circle', 'triangle', 'green', 'red', 'purple']","{(4, 2): 'red triangle', (7, 0): 'red square', (6, 8): 'green circle', (3, 8): 'green square', (6, 4): 'purple circle'}",5,S,"{'receiver': ['A1', 'B1'], 'signaler': ['C3', 'B3'], 'flipped': ['A2']}","{'square': 'green square', 'circle': 'green circle', 'triangle': 'red triangle', 'green': 'green circle', 'red': 'red triangle', 'purple': 'purple circle'}","{'red triangle': (4, 2), 'red square': (7, 0), 'green circle': (6, 8), 'green square': (3, 8), 'purple circle': (6, 4)}","{'up': '(3, 2), (4, 2), (5, 2), (6, 2), (7, 2), (8, 2)', 'down': '(3, 3), (4, 3), (5, 3), (6, 3), (7, 3), (8, 3)', 'left': '', 'right': ''}","{'red triangle': [(4, 7), (4, 6), (4, 5), (4, 4), (4, 3), (3, 3), (2, 3), (2, 2), (3, 2), (4, 2)], 'red square': [(4, 7), (3, 7), (2, 7), (2, 6), (2, 5), (2, 4), (2, 3), (2, 2), (3, 2), (4, 2), (5, 2), (6, 2), (7, 2), (7, 1), (7, 0)], 'green circle': [(4, 7), (4, 8), (5, 8), (6, 8)], 'green square': [(4, 7), (4, 8), (3, 8)], 'purple circle': [(4, 7), (4, 6), (4, 5), (4, 4), (5, 4), (6, 4)]}","{'red triangle': ['down', 'down', 'down', 'down', 'left', 'left', 'down', 'right', 'right'], 'red square': ['left', 'left', 'down', 'down', 'down', 'down', 'down', 'right', 'right', 'right', 'right', 'right', 'down', 'down'], 'green circle': ['up', 'right', 'right'], 'green square': ['up', 'left'], 'purple circle': ['down', 'down', 'down', 'right', 'right']}","{'red triangle': [(4, 0), (4, 1), (4, 2)], 'red square': [(4, 0), (5, 0), (6, 0), (7, 0)], 'green circle': [(4, 0), (4, 1), (4, 2), (3, 2), (2, 2), (2, 3), (2, 4), (2, 5), (2, 6), (2, 7), (2, 8), (3, 8), (4, 8), (5, 8), (6, 8)], 'green square': [(4, 0), (4, 1), (4, 2), (3, 2), (2, 2), (2, 3), (2, 4), (2, 5), (2, 6), (2, 7), (2, 8), (3, 8)], 'purple circle': [(4, 0), (3, 0), (2, 0), (2, 1), (2, 2), (2, 3), (2, 4), (3, 4), (4, 4), (5, 4), (6, 4)]}","{'red triangle': ['up', 'up'], 'red square': ['right', 'right', 'right'], 'green circle': ['up', 'up', 'left', 'left', 'up', 'up', 'up', 'up', 'up', 'up', 'right', 'right', 'right', 'right'], 'green square': ['up', 'up', 'left', 'left', 'up', 'up', 'up', 'up', 'up', 'up', 'right'], 'purple circle': ['left', 'left', 'up', 'up', 'up', 'up', 'right', 'right', 'right', 'right']}"
2,"(4, 0)","(4, 7)",red triangle,"['circle', 'triangle', 'square', 'purple', 'green', 'red']","{(4, 2): 'green square', (3, 1): 'green circle', (5, 6): 'purple triangle', (4, 8): 'purple circle', (4, 4): 'red triangle'}",5,R,"{'receiver': ['A1', 'B1'], 'signaler': ['C3', 'B3'], 'flipped': ['A2']}","{'circle': 'purple circle', 'triangle': 'purple triangle', 'square': 'green square', 'purple': 'purple triangle', 'green': 'green circle', 'red': 'red triangle'}","{'green square': (4, 2), 'green circle': (3, 1), 'purple triangle': (5, 6), 'purple circle': (4, 8), 'red triangle': (4, 4)}","{'up': '(3, 5), (4, 5), (5, 5), (6, 5), (7, 5), (8, 5)', 'down': '(3, 6), (4, 6), (5, 6), (6, 6), (7, 6), (8, 6)', 'left': '', 'right': ''}","{'green square': [(4, 7), (3, 7), (2, 7), (2, 6), (2, 5), (2, 4), (2, 3), (2, 2), (3, 2), (4, 2)], 'green circle': [(4, 7), (3, 7), (2, 7), (2, 6), (2, 5), (2, 4), (2, 3), (2, 2), (2, 1), (3, 1)], 'purple triangle': [(4, 7), (5, 7), (5, 6)], 'purple circle': [(4, 7), (4, 8)], 'red triangle': [(4, 7), (4, 6), (3, 6), (2, 6), (2, 5), (2, 4), (3, 4), (4, 4)]}","{'green square': ['left', 'left', 'down', 'down', 'down', 'down', 'down', 'right', 'right'], 'green circle': ['left', 'left', 'down', 'down', 'down', 'down', 'down', 'down', 'right'], 'purple triangle': ['right', 'down'], 'purple circle': ['up'], 'red triangle': ['down', 'left', 'left', 'down', 'down', 'right', 'right']}","{'green square': [(4, 0), (4, 1), (4, 2)], 'green circle': [(4, 0), (4, 1), (3, 1)], 'purple triangle': [(4, 0), (4, 1), (4, 2), (4, 3), (4, 4), (4, 5), (3, 5), (2, 5), (2, 6), (3, 6), (4, 6), (5, 6)], 'purple circle': [(4, 0), (3, 0), (2, 0), (2, 1), (2, 2), (2, 3), (2, 4), (2, 5), (2, 6), (2, 7), (2, 8), (3, 8), (4, 8)], 'red triangle': [(4, 0), (4, 1), (4, 2), (4, 3), (4, 4)]}","{'green square': ['up', 'up'], 'green circle': ['up', 'left'], 'purple triangle': ['up', 'up', 'up', 'up', 'up', 'left', 'left', 'up', 'right', 'right', 'right'], 'purple circle': ['left', 'left', 'up', 'up', 'up', 'up', 'up', 'up', 'up', 'up', 'right', 'right'], 'red triangle': ['up', 'up', 'up', 'up']}"
3,"(4, 0)","(4, 7)",red triangle,"['circle', 'triangle', 'square', 'purple', 'green', 'red']","{(4, 2): 'green square', (3, 1): 'green circle', (5, 6): 'purple triangle', (4, 8): 'purple circle', (4, 4): 'red triangle'}",5,S,"{'receiver': ['A1', 'B1'], 'signaler': ['C3', 'B3'], 'flipped': ['A2']}","{'circle': 'purple circle', 'triangle': 'purple triangle', 'square': 'green square', 'purple': 'purple triangle', 'green': 'green circle', 'red': 'red triangle'}","{'green square': (4, 2), 'green circle': (3, 1), 'purple triangle': (5, 6), 'purple circle': (4, 8), 'red triangle': (4, 4)}","{'up': '(3, 2), (4, 2), (5, 2), (6, 2), (7, 2), (8, 2)', 'down': '(3, 3), (4, 3), (5, 3), (6, 3), (7, 3), (8, 3)', 'left': '', 'right': ''}","{'green square': [(4, 7), (4, 6), (4, 5), (4, 4), (4, 3), (3, 3), (2, 3), (2, 2), (3, 2), (4, 2)], 'green circle': [(4, 7), (3, 7), (2, 7), (2, 6), (2, 5), (2, 4), (2, 3), (2, 2), (2, 1), (3, 1)], 'purple triangle': [(4, 7), (5, 7), (5, 6)], 'purple circle': [(4, 7), (4, 8)], 'red triangle': [(4, 7), (4, 6), (4, 5), (4, 4)]}","{'green square': ['down', 'down', 'down', 'down', 'left', 'left', 'down', 'right', 'right'], 'green circle': ['left', 'left', 'down', 'down', 'down', 'down', 'down', 'down', 'right'], 'purple triangle': ['right', 'down'], 'purple circle': ['up'], 'red triangle': ['down', 'down', 'down']}","{'green square': [(4, 0), (4, 1), (4, 2)], 'green circle': [(4, 0), (4, 1), (3, 1)], 'purple triangle': [(4, 0), (4, 1), (4, 2), (3, 2), (2, 2), (2, 3), (2, 4), (2, 5), (2, 6), (3, 6), (4, 6), (5, 6)], 'purple circle': [(4, 0), (3, 0), (2, 0), (2, 1), (2, 2), (2, 3), (2, 4), (2, 5), (2, 6), (2, 7), (2, 8), (3, 8), (4, 8)], 'red triangle': [(4, 0), (4, 1), (4, 2), (3, 2), (2, 2), (2, 3), (2, 4), (3, 4), (4, 4)]}","{'green square': ['up', 'up'], 'green circle': ['up', 'left'], 'purple triangle': ['up', 'up', 'left', 'left', 'up', 'up', 'up', 'up', 'right', 'right', 'right'], 'purple circle': ['left', 'left', 'up', 'up', 'up', 'up', 'up', 'up', 'up', 'up', 'right', 'right'], 'red triangle': ['up', 'up', 'left', 'left', 'up', 'up', 'right', 'right']}"
4,"(4, 0)","(4, 7)",green square,"['purple', 'green', 'red', 'triangle', 'circle', 'square']","{(1, 1): 'red circle', (3, 0): 'purple circle', (8, 6): 'green triangle', (2, 6): 'purple triangle', (6, 4): 'green square'}",5,R,"{'receiver': ['A1', 'B1'], 'signaler': ['C3', 'B3'], 'flipped': ['A2']}","{'purple': 'purple triangle', 'green': 'green triangle', 'red': 'red circle', 'triangle': 'green triangle', 'circle': 'red circle', 'square': 'green square'}","{'red circle': (1, 1), 'purple circle': (3, 0), 'green triangle': (8, 6), 'purple triangle': (2, 6), 'green square': (6, 4)}","{'up': '(3, 5), (4, 5), (5, 5), (6, 5), (7, 5), (8, 5)', 'down': '(3, 6), (4, 6), (5, 6), (6, 6), (7, 6), (8, 6)', 'left': '', 'right': ''}","{'red circle': [(4, 7), (4, 6), (3, 6), (2, 6), (1, 6), (1, 5), (1, 4), (1, 3), (1, 2), (1, 1)], 'purple circle': [(4, 7), (3, 7), (2, 7), (2, 6), (2, 5), (2, 4), (2, 3), (2, 2), (2, 1), (2, 0), (3, 0)], 'green triangle': [(4, 7), (4, 6), (5, 6), (6, 6), (7, 6), (8, 6)], 'purple triangle': [(4, 7), (4, 6), (3, 6), (2, 6)], 'green square': [(4, 7), (3, 7), (2, 7), (2, 6), (2, 5), (2, 4), (3, 4), (4, 4), (5, 4), (6, 4)]}","{'red circle': ['down', 'left', 'left', 'left', 'down', 'down', 'down', 'down', 'down'], 'purple circle': ['left', 'left', 'down', 'down', 'down', 'down', 'down', 'down', 'down', 'right'], 'green triangle': ['down', 'right', 'right', 'right', 'right'], 'purple triangle': ['down', 'left', 'left'], 'green square': ['left', 'left', 'down', 'down', 'down', 'right', 'right', 'right', 'right']}","{'red circle': [(4, 0), (4, 1), (3, 1), (2, 1), (1, 1)], 'purple circle': [(4, 0), (3, 0)], 'green triangle': [(4, 0), (4, 1), (4, 2), (4, 3), (4, 4), (4, 5), (3, 5), (2, 5), (2, 6), (3, 6), (4, 6), (5, 6), (6, 6), (7, 6), (8, 6)], 'purple triangle': [(4, 0), (4, 1), (4, 2), (4, 3), (4, 4), (4, 5), (3, 5), (2, 5), (2, 6)], 'green square': [(4, 0), (4, 1), (4, 2), (4, 3), (4, 4), (5, 4), (6, 4)]}","{'red circle': ['up', 'left', 'left', 'left'], 'purple circle': ['left'], 'green triangle': ['up', 'up', 'up', 'up', 'up', 'left', 'left', 'up', 'right', 'right', 'right', 'right', 'right', 'right'], 'purple triangle': ['up', 'up', 'up', 'up', 'up', 'left', 'left', 'up'], 'green square': ['up', 'up', 'up', 'up', 'right', 'right']}"
5,"(4, 0)","(4, 7)",green square,"['purple', 'green', 'red', 'triangle', 'circle', 'square']","{(1, 1): 'red circle', (3, 0): 'purple circle', (8, 6): 'green triangle', (2, 6): 'purple triangle', (6, 4): 'green square'}",5,S,"{'receiver': ['A1', 'B1'], 'signaler': ['C3', 'B3'], 'flipped': ['A2']}","{'purple': 'purple triangle', 'green': 'green triangle', 'red': 'red circle', 'triangle': 'green triangle', 'circle': 'red circle', 'square': 'green square'}","{'red circle': (1, 1), 'purple circle': (3, 0), 'green triangle': (8, 6), 'purple triangle': (2, 6), 'green square': (6, 4)}","{'up': '(3, 2), (4, 2), (5, 2), (6, 2), (7, 2), (8, 2)', 'down': '(3, 3), (4, 3), (5, 3), (6, 3), (7, 3), (8, 3)', 'left': '', 'right': ''}","{'red circle': [(4, 7), (3, 7), (2, 7), (1, 7), (1, 6), (1, 5), (1, 4), (1, 3), (1, 2), (1, 1)], 'purple circle': [(4, 7), (4, 6), (4, 5), (4, 4), (4, 3), (3, 3), (2, 3), (2, 2), (2, 1), (2, 0), (3, 0)], 'green triangle': [(4, 7), (5, 7), (6, 7), (7, 7), (8, 7), (8, 6)], 'purple triangle': [(4, 7), (3, 7), (2, 7), (2, 6)], 'green square': [(4, 7), (5, 7), (6, 7), (6, 6), (6, 5), (6, 4)]}","{'red circle': ['left', 'left', 'left', 'down', 'down', 'down', 'down', 'down', 'down'], 'purple circle': ['down', 'down', 'down', 'down', 'left', 'left', 'down', 'down', 'down', 'right'], 'green triangle': ['right', 'right', 'right', 'right', 'down'], 'purple triangle': ['left', 'left', 'down'], 'green square': ['right', 'right', 'down', 'down', 'down']}","{'red circle': [(4, 0), (3, 0), (2, 0), (1, 0), (1, 1)], 'purple circle': [(4, 0), (3, 0)], 'green triangle': [(4, 0), (4, 1), (4, 2), (3, 2), (2, 2), (2, 3), (2, 4), (2, 5), (2, 6), (3, 6), (4, 6), (5, 6), (6, 6), (7, 6), (8, 6)], 'purple triangle': [(4, 0), (4, 1), (4, 2), (3, 2), (2, 2), (2, 3), (2, 4), (2, 5), (2, 6)], 'green square': [(4, 0), (3, 0), (2, 0), (2, 1), (2, 2), (2, 3), (2, 4), (3, 4), (4, 4), (5, 4), (6, 4)]}","{'red circle': ['left', 'left', 'left', 'up'], 'purple circle': ['left'], 'green triangle': ['up', 'up', 'left', 'left', 'up', 'up', 'up', 'up', 'right', 'right', 'right', 'right', 'right', 'right'], 'purple triangle': ['up', 'up', 'left', 'left', 'up', 'up', 'up', 'up'], 'green square': ['left', 'left', 'up', 'up', 'up', 'up', 'right', 'right', 'right', 'right']}"
6,"(4, 0)","(4, 7)",purple circle,"['triangle', 'circle', 'square', 'red', 'green', 'purple']","{(7, 0): 'green square', (2, 0): 'green triangle', (8, 7): 'red circle', (7, 7): 'red triangle', (4, 3): 'purple circle'}",5,R,"{'receiver': ['A1', 'B1'], 'signaler': ['C3', 'B3'], 'flipped': ['A2']}","{'triangle': 'red triangle', 'circle': 'red circle', 'square': 'green square', 'red': 'red circle', 'green': 'green triangle', 'purple': 'purple circle'}","{'green square': (7, 0), 'green triangle': (2, 0), 'red circle': (8, 7), 'red triangle': (7, 7), 'purple circle': (4, 3)}","{'up': '(3, 5), (4, 5), (5, 5), (6, 5), (7, 5), (8, 5)', 'down': '(3, 6), (4, 6), (5, 6), (6, 6), (7, 6), (8, 6)', 'left': '', 'right': ''}","{'green square': [(4, 7), (4, 6), (3, 6), (2, 6), (2, 5), (3, 5), (4, 5), (5, 5), (6, 5), (7, 5), (7, 4), (7, 3), (7, 2), (7, 1), (7, 0)], 'green triangle': [(4, 7), (4, 6), (3, 6), (2, 6), (2, 5), (2, 4), (2, 3), (2, 2), (2, 1), (2, 0)], 'red circle': [(4, 7), (5, 7), (6, 7), (7, 7), (8, 7)], 'red triangle': [(4, 7), (5, 7), (6, 7), (7, 7)], 'purple circle': [(4, 7), (4, 6), (3, 6), (2, 6), (2, 5), (2, 4), (2, 3), (3, 3), (4, 3)]}","{'green square': ['down', 'left', 'left', 'down', 'right', 'right', 'right', 'right', 'right', 'down', 'down', 'down', 'down', 'down'], 'green triangle': ['down', 'left', 'left', 'down', 'down', 'down', 'down', 'down', 'down'], 'red circle': ['right', 'right', 'right', 'right'], 'red triangle': ['right', 'right', 'right'], 'purple circle': ['down', 'left', 'left', 'down', 'down', 'down', 'right', 'right']}","{'green square': [(4, 0), (5, 0), (6, 0), (7, 0)], 'green triangle': [(4, 0), (3, 0), (2, 0)], 'red circle': [(4, 0), (4, 1), (4, 2), (4, 3), (4, 4), (4, 5), (3, 5), (2, 5), (2, 6), (2, 7), (3, 7), (4, 7), (5, 7), (6, 7), (7, 7), (8, 7)], 'red triangle': [(4, 0), (4, 1), (4, 2), (4, 3), (4, 4), (4, 5), (3, 5), (2, 5), (2, 6), (2, 7), (3, 7), (4, 7), (5, 7), (6, 7), (7, 7)], 'purple circle': [(4, 0), (4, 1), (4, 2), (4, 3)]}","{'green square': ['right', 'right', 'right'], 'green triangle': ['left', 'left'], 'red circle': ['up', 'up', 'up', 'up', 'up', 'left', 'left', 'up', 'up', 'right', 'right', 'right', 'right', 'right', 'right'], 'red triangle': ['up', 'up', 'up', 'up', 'up', 'left', 'left', 'up', 'up', 'right', 'right', 'right', 'right', 'right'], 'purple circle': ['up', 'up', 'up']}"
7,"(4, 0)","(4, 7)",purple circle,"['triangle', 'circle', 'square', 'red', 'green', 'purple']","{(7, 0): 'green square', (2, 0): 'green triangle', (8, 7): 'red circle', (7, 7): 'red triangle', (4, 3): 'purple circle'}",5,S,"{'receiver': ['A1', 'B1'], 'signaler': ['C3', 'B3'], 'flipped': ['A2']}","{'triangle': 'red triangle', 'circle': 'red circle', 'square': 'green square', 'red': 'red circle', 'green': 'green triangle', 'purple': 'purple circle'}","{'green square': (7, 0), 'green triangle': (2, 0), 'red circle': (8, 7), 'red triangle': (7, 7), 'purple circle': (4, 3)}","{'up': '(3, 2), (4, 2), (5, 2), (6, 2), (7, 2), (8, 2)', 'down': '(3, 3), (4, 3), (5, 3), (6, 3), (7, 3), (8, 3)', 'left': '', 'right': ''}","{'green square': [(4, 7), (3, 7), (2, 7), (2, 6), (2, 5), (2, 4), (2, 3), (2, 2), (3, 2), (4, 2), (5, 2), (6, 2), (7, 2), (7, 1), (7, 0)], 'green triangle': [(4, 7), (3, 7), (2, 7), (2, 6), (2, 5), (2, 4), (2, 3), (2, 2), (2, 1), (2, 0)], 'red circle': [(4, 7), (5, 7), (6, 7), (7, 7), (8, 7)], 'red triangle': [(4, 7), (5, 7), (6, 7), (7, 7)], 'purple circle': [(4, 7), (4, 6), (4, 5), (4, 4), (4, 3)]}","{'green square': ['left', 'left', 'down', 'down', 'down', 'down', 'down', 'right', 'right', 'right', 'right', 'right', 'down', 'down'], 'green triangle': ['left', 'left', 'down', 'down', 'down', 'down', 'down', 'down', 'down'], 'red circle': ['right', 'right', 'right', 'right'], 'red triangle': ['right', 'right', 'right'], 'purple circle': ['down', 'down', 'down', 'down']}","{'green square': [(4, 0), (5, 0), (6, 0), (7, 0)], 'green triangle': [(4, 0), (3, 0), (2, 0)], 'red circle': [(4, 0), (4, 1), (4, 2), (3, 2), (2, 2), (2, 3), (2, 4), (2, 5), (2, 6), (2, 7), (3, 7), (4, 7), (5, 7), (6, 7), (7, 7), (8, 7)], 'red triangle': [(4, 0), (4, 1), (4, 2), (3, 2), (2, 2), (2, 3), (2, 4), (2, 5), (2, 6), (2, 7), (3, 7), (4, 7), (5, 7), (6, 7), (7, 7)], 'purple circle': [(4, 0), (4, 1), (4, 2), (3, 2), (2, 2), (2, 3), (3, 3), (4, 3)]}","{'green square': ['right', 'right', 'right'], 'green triangle': ['left', 'left'], 'red circle': ['up', 'up', 'left', 'left', 'up', 'up', 'up', 'up', 'up', 'right', 'right', 'right', 'right', 'right', 'right'], 'red triangle': ['up', 'up', 'left', 'left', 'up', 'up', 'up', 'up', 'up', 'right', 'right', 'right', 'right', 'right'], 'purple circle': ['up', 'up', 'left', 'left', 'up', 'right', 'right']}"
8,"(4, 0)","(4, 7)",green circle,"['purple', 'green', 'red', 'triangle', 'square', 'circle']","{(0, 1): 'red square', (4, 2): 'purple square', (2, 5): 'green triangle', (1, 7): 'purple triangle', (6, 3): 'green circle'}",5,R,"{'receiver': ['A1', 'B1'], 'signaler': ['C3', 'B3'], 'flipped': ['A2']}","{'purple': 'purple triangle', 'green': 'green triangle', 'red': 'red square', 'triangle': 'green triangle', 'square': 'red square', 'circle': 'green circle'}","{'red square': (0, 1), 'purple square': (4, 2), 'green triangle': (2, 5), 'purple triangle': (1, 7), 'green circle': (6, 3)}","{'up': '(3, 5), (4, 5), (5, 5), (6, 5), (7, 5), (8, 5)', 'down': '(3, 6), (4, 6), (5, 6), (6, 6), (7, 6), (8, 6)', 'left': '', 'right': ''}","{'red square': [(4, 7), (3, 7), (2, 7), (1, 7), (0, 7), (0, 6), (0, 5), (0, 4), (0, 3), (0, 2), (0, 1)], 'purple square': [(4, 7), (3, 7), (2, 7), (2, 6), (2, 5), (2, 4), (2, 3), (2, 2), (3, 2), (4, 2)], 'green triangle': [(4, 7), (4, 6), (3, 6), (2, 6), (2, 5)], 'purple triangle': [(4, 7), (3, 7), (2, 7), (1, 7)], 'green circle': [(4, 7), (3, 7), (2, 7), (2, 6), (2, 5), (2, 4), (2, 3), (3, 3), (4, 3), (5, 3), (6, 3)]}","{'red square': ['left', 'left', 'left', 'left', 'down', 'down', 'down', 'down', 'down', 'down'], 'purple square': ['left', 'left', 'down', 'down', 'down', 'down', 'down', 'right', 'right'], 'green triangle': ['down', 'left', 'left', 'down'], 'purple triangle': ['left', 'left', 'left'], 'green circle': ['left', 'left', 'down', 'down', 'down', 'down', 'right', 'right', 'right', 'right']}","{'red square': [(4, 0), (3, 0), (2, 0), (1, 0), (0, 0), (0, 1)], 'purple square': [(4, 0), (4, 1), (4, 2)], 'green triangle': [(4, 0), (4, 1), (4, 2), (4, 3), (4, 4), (4, 5), (3, 5), (2, 5)], 'purple triangle': [(4, 0), (3, 0), (2, 0), (1, 0), (1, 1), (1, 2), (1, 3), (1, 4), (1, 5), (1, 6), (1, 7)], 'green circle': [(4, 0), (5, 0), (6, 0), (6, 1), (6, 2), (6, 3)]}","{'red square': ['left', 'left', 'left', 'left', 'up'], 'purple square': ['up', 'up'], 'green triangle': ['up', 'up', 'up', 'up', 'up', 'left', 'left'], 'purple triangle': ['left', 'left', 'left', 'up', 'up', 'up', 'up', 'up', 'up', 'up'], 'green circle': ['right', 'right', 'up', 'up', 'up']}"
9,"(4, 0)","(4, 7)",green circle,"['purple', 'green', 'red', 'triangle', 'square', 'circle']","{(0, 1): 'red square', (4, 2): 'purple square', (2, 5): 'green triangle', (1, 7): 'purple triangle', (6, 3): 'green circle'}",5,S,"{'receiver': ['A1', 'B1'], 'signaler': ['C3', 'B3'], 'flipped': ['A2']}","{'purple': 'purple triangle', 'green': 'green triangle', 'red': 'red square', 'triangle': 'green triangle', 'square': 'red square', 'circle': 'green circle'}","{'red square': (0, 1), 'purple square': (4, 2), 'green triangle': (2, 5), 'purple triangle': (1, 7), 'green circle': (6, 3)}","{'up': '(3, 2), (4, 2), (5, 2), (6, 2), (7, 2), (8, 2)', 'down': '(3, 3), (4, 3), (5, 3), (6, 3), (7, 3), (8, 3)', 'left': '', 'right': ''}","{'red square': [(4, 7), (3, 7), (2, 7), (1, 7), (0, 7), (0, 6), (0, 5), (0, 4), (0, 3), (0, 2), (0, 1)], 'purple square': [(4, 7), (4, 6), (4, 5), (4, 4), (4, 3), (3, 3), (2, 3), (2, 2), (3, 2), (4, 2)], 'green triangle': [(4, 7), (4, 6), (4, 5), (3, 5), (2, 5)], 'purple triangle': [(4, 7), (3, 7), (2, 7), (1, 7)], 'green circle': [(4, 7), (5, 7), (6, 7), (6, 6), (6, 5), (6, 4), (6, 3)]}","{'red square': ['left', 'left', 'left', 'left', 'down', 'down', 'down', 'down', 'down', 'down'], 'purple square': ['down', 'down', 'down', 'down', 'left', 'left', 'down', 'right', 'right'], 'green triangle': ['down', 'down', 'left', 'left'], 'purple triangle': ['left', 'left', 'left'], 'green circle': ['right', 'right', 'down', 'down', 'down', 'down']}","{'red square': [(4, 0), (4, 1), (3, 1), (2, 1), (1, 1), (0, 1)], 'purple square': [(4, 0), (4, 1), (4, 2)], 'green triangle': [(4, 0), (4, 1), (4, 2), (3, 2), (2, 2), (2, 3), (2, 4), (2, 5)], 'purple triangle': [(4, 0), (4, 1), (4, 2), (3, 2), (2, 2), (2, 3), (2, 4), (2, 5), (2, 6), (2, 7), (1, 7)], 'green circle': [(4, 0), (4, 1), (4, 2), (3, 2), (2, 2), (2, 3), (3, 3), (4, 3), (5, 3), (6, 3)]}","{'red square': ['up', 'left', 'left', 'left', 'left'], 'purple square': ['up', 'up'], 'green triangle': ['up', 'up', 'left', 'left', 'up', 'up', 'up'], 'purple triangle': ['up', 'up', 'left', 'left', 'up', 'up', 'up', 'up', 'up', 'left'], 'green circle': ['up', 'up', 'left', 'left', 'up', 'right', 'right', 'right', 'right']}"
10,"(4, 0)","(4, 7)",green triangle,"['circle', 'triangle', 'square', 'purple', 'red', 'green']","{(1, 2): 'red square', (2, 2): 'red circle', (3, 9): 'purple triangle', (3, 8): 'purple circle', (5, 3): 'green triangle'}",5,R,"{'receiver': ['A1', 'B1'], 'signaler': ['C3', 'B3'], 'flipped': ['A2']}","{'circle': 'purple circle', 'triangle': 'purple triangle', 'square': 'red square', 'purple': 'purple triangle', 'red': 'red circle', 'green': 'green triangle'}","{'red square': (1, 2), 'red circle': (2, 2), 'purple triangle': (3, 9), 'purple circle': (3, 8), 'green triangle': (5, 3)}","{'up': '(3, 5), (4, 5), (5, 5), (6, 5), (7, 5), (8, 5)', 'down': '(3, 6), (4, 6), (5, 6), (6, 6), (7, 6), (8, 6)', 'left': '', 'right': ''}","{'red square': [(4, 7), (3, 7), (2, 7), (1, 7), (1, 6), (1, 5), (1, 4), (1, 3), (1, 2)], 'red circle': [(4, 7), (3, 7), (2, 7), (2, 6), (2, 5), (2, 4), (2, 3), (2, 2)], 'purple triangle': [(4, 7), (3, 7), (3, 8), (3, 9)], 'purple circle': [(4, 7), (3, 7), (3, 8)], 'green triangle': [(4, 7), (4, 6), (3, 6), (2, 6), (2, 5), (2, 4), (2, 3), (3, 3), (4, 3), (5, 3)]}","{'red square': ['left', 'left', 'left', 'down', 'down', 'down', 'down', 'down'], 'red circle': ['left', 'left', 'down', 'down', 'down', 'down', 'down'], 'purple triangle': ['left', 'up', 'up'], 'purple circle': ['left', 'up'], 'green triangle': ['down', 'left', 'left', 'down', 'down', 'down', 'right', 'right', 'right']}","{'red square': [(4, 0), (3, 0), (2, 0), (1, 0), (1, 1), (1, 2)], 'red circle': [(4, 0), (3, 0), (2, 0), (2, 1), (2, 2)], 'purple triangle': [(4, 0), (4, 1), (4, 2), (4, 3), (4, 4), (4, 5), (3, 5), (2, 5), (2, 6), (2, 7), (2, 8), (2, 9), (3, 9)], 'purple circle': [(4, 0), (4, 1), (4, 2), (4, 3), (4, 4), (4, 5), (3, 5), (2, 5), (2, 6), (2, 7), (2, 8), (3, 8)], 'green triangle': [(4, 0), (4, 1), (4, 2), (4, 3), (5, 3)]}","{'red square': ['left', 'left', 'left', 'up', 'up'], 'red circle': ['left', 'left', 'up', 'up'], 'purple triangle': ['up', 'up', 'up', 'up', 'up', 'left', 'left', 'up', 'up', 'up', 'up', 'right'], 'purple circle': ['up', 'up', 'up', 'up', 'up', 'left', 'left', 'up', 'up', 'up', 'right'], 'green triangle': ['up', 'up', 'up', 'right']}"
11,"(4, 0)","(4, 7)",green triangle,"['circle', 'triangle', 'square', 'purple', 'red', 'green']","{(1, 2): 'red square', (2, 2): 'red circle', (3, 9): 'purple triangle', (3, 8): 'purple circle', (5, 3): 'green triangle'}",5,S,"{'receiver': ['A1', 'B1'], 'signaler': ['C3', 'B3'], 'flipped': ['A2']}","{'circle': 'purple circle', 'triangle': 'purple triangle', 'square': 'red square', 'purple': 'purple triangle', 'red': 'red circle', 'green': 'green triangle'}","{'red square': (1, 2), 'red circle': (2, 2), 'purple triangle': (3, 9), 'purple circle': (3, 8), 'green triangle': (5, 3)}","{'up': '(3, 2), (4, 2), (5, 2), (6, 2), (7, 2), (8, 2)', 'down': '(3, 3), (4, 3), (5, 3), (6, 3), (7, 3), (8, 3)', 'left': '', 'right': ''}","{'red square': [(4, 7), (3, 7), (2, 7), (1, 7), (1, 6), (1, 5), (1, 4), (1, 3), (1, 2)], 'red circle': [(4, 7), (4, 6), (4, 5), (4, 4), (4, 3), (3, 3), (2, 3), (2, 2)], 'purple triangle': [(4, 7), (4, 8), (4, 9), (3, 9)], 'purple circle': [(4, 7), (4, 8), (3, 8)], 'green triangle': [(4, 7), (5, 7), (5, 6), (5, 5), (5, 4), (5, 3)]}","{'red square': ['left', 'left', 'left', 'down', 'down', 'down', 'down', 'down'], 'red circle': ['down', 'down', 'down', 'down', 'left', 'left', 'down'], 'purple triangle': ['up', 'up', 'left'], 'purple circle': ['up', 'left'], 'green triangle': ['right', 'down', 'down', 'down', 'down']}","{'red square': [(4, 0), (3, 0), (2, 0), (1, 0), (1, 1), (1, 2)], 'red circle': [(4, 0), (4, 1), (4, 2), (3, 2), (2, 2)], 'purple triangle': [(4, 0), (3, 0), (2, 0), (2, 1), (2, 2), (2, 3), (2, 4), (2, 5), (2, 6), (2, 7), (2, 8), (2, 9), (3, 9)], 'purple circle': [(4, 0), (4, 1), (4, 2), (3, 2), (2, 2), (2, 3), (2, 4), (2, 5), (2, 6), (2, 7), (2, 8), (3, 8)], 'green triangle': [(4, 0), (3, 0), (2, 0), (2, 1), (2, 2), (2, 3), (3, 3), (4, 3), (5, 3)]}","{'red square': ['left', 'left', 'left', 'up', 'up'], 'red circle': ['up', 'up', 'left', 'left'], 'purple triangle': ['left', 'left', 'up', 'up', 'up', 'up', 'up', 'up', 'up', 'up', 'up', 'right'], 'purple circle': ['up', 'up', 'left', 'left', 'up', 'up', 'up', 'up', 'up', 'up', 'right'], 'green triangle': ['left', 'left', 'up', 'up', 'up', 'right', 'right', 'right']}"
12,"(4, 0)","(4, 7)",red triangle,"['square', 'triangle', 'circle', 'red', 'green', 'purple']","{(8, 1): 'green circle', (1, 6): 'red triangle', (2, 8): 'purple triangle', (0, 6): 'purple square', (4, 3): 'red square'}",5,R,"{'receiver': ['A1', 'A2', 'B2'], 'signaler': ['C3'], 'flipped': ['B1']}","{'square': 'purple square', 'triangle': 'purple triangle', 'circle': 'green circle', 'red': 'red triangle', 'green': 'green circle', 'purple': 'purple triangle'}","{'green circle': (8, 1), 'red triangle': (1, 6), 'purple triangle': (2, 8), 'purple square': (0, 6), 'red square': (4, 3)}","{'up': '(3, 5), (4, 5), (5, 5), (6, 5), (7, 5), (8, 5)', 'down': '(3, 6), (4, 6), (5, 6), (6, 6), (7, 6), (8, 6)', 'left': '', 'right': ''}","{'green circle': [(4, 7), (4, 6), (3, 6), (2, 6), (2, 5), (2, 4), (2, 3), (2, 2), (2, 1), (3, 1), (4, 1), (5, 1), (6, 1), (7, 1), (8, 1)], 'red triangle': [(4, 7), (4, 6), (3, 6), (2, 6), (1, 6)], 'purple triangle': [(4, 7), (3, 7), (2, 7), (2, 8)], 'purple square': [(4, 7), (4, 6), (3, 6), (2, 6), (1, 6), (0, 6)], 'red square': [(4, 7), (4, 6), (3, 6), (2, 6), (2, 5), (2, 4), (2, 3), (3, 3), (4, 3)]}","{'green circle': ['down', 'left', 'left', 'down', 'down', 'down', 'down', 'down', 'right', 'right', 'right', 'right', 'right', 'right'], 'red triangle': ['down', 'left', 'left', 'left'], 'purple triangle': ['left', 'left', 'up'], 'purple square': ['down', 'left', 'left', 'left', 'left'], 'red square': ['down', 'left', 'left', 'down', 'down', 'down', 'right', 'right']}","{'green circle': [(4, 0), (5, 0), (6, 0), (7, 0), (8, 0), (8, 1)], 'red triangle': [(4, 0), (4, 1), (4, 2), (4, 3), (4, 4), (4, 5), (3, 5), (2, 5), (1, 5), (1, 6)], 'purple triangle': [(4, 0), (4, 1), (4, 2), (4, 3), (4, 4), (4, 5), (3, 5), (2, 5), (2, 6), (2, 7), (2, 8)], 'purple square': [(4, 0), (3, 0), (2, 0), (1, 0), (0, 0), (0, 1), (0, 2), (0, 3), (0, 4), (0, 5), (0, 6)], 'red square': [(4, 0), (4, 1), (4, 2), (4, 3)]}","{'green circle': ['right', 'right', 'right', 'right', 'up'], 'red triangle': ['up', 'up', 'up', 'up', 'up', 'left', 'left', 'left', 'up'], 'purple triangle': ['up', 'up', 'up', 'up', 'up', 'left', 'left', 'up', 'up', 'up'], 'purple square': ['left', 'left', 'left', 'left', 'up', 'up', 'up', 'up', 'up', 'up'], 'red square': ['up', 'up', 'up']}"
13,"(4, 0)","(4, 7)",red triangle,"['square', 'triangle', 'circle', 'red', 'green', 'purple']","{(8, 1): 'green circle', (1, 6): 'red triangle', (2, 8): 'purple triangle', (0, 6): 'purple square', (4, 3): 'red square'}",5,S,"{'receiver': ['A1', 'A2', 'B2'], 'signaler': ['C3'], 'flipped': ['B1']}","{'square': 'purple square', 'triangle': 'purple triangle', 'circle': 'green circle', 'red': 'red square', 'green': 'green circle', 'purple': 'purple square'}","{'green circle': (8, 1), 'red triangle': (1, 6), 'purple triangle': (2, 8), 'purple square': (0, 6), 'red square': (4, 3)}","{'up': '(3, 2), (4, 2), (5, 2), (6, 2), (7, 2), (8, 2)', 'down': '(3, 3), (4, 3), (5, 3), (6, 3), (7, 3), (8, 3)', 'left': '', 'right': ''}","{'green circle': [(4, 7), (4, 6), (4, 5), (4, 4), (4, 3), (3, 3), (2, 3), (2, 2), (2, 1), (3, 1), (4, 1), (5, 1), (6, 1), (7, 1), (8, 1)], 'red triangle': [(4, 7), (3, 7), (2, 7), (1, 7), (1, 6)], 'purple triangle': [(4, 7), (3, 7), (2, 7), (2, 8)], 'purple square': [(4, 7), (3, 7), (2, 7), (1, 7), (0, 7), (0, 6)], 'red square': [(4, 7), (4, 6), (4, 5), (4, 4), (4, 3)]}","{'green circle': ['down', 'down', 'down', 'down', 'left', 'left', 'down', 'down', 'right', 'right', 'right', 'right', 'right', 'right'], 'red triangle': ['left', 'left', 'left', 'down'], 'purple triangle': ['left', 'left', 'up'], 'purple square': ['left', 'left', 'left', 'left', 'down'], 'red square': ['down', 'down', 'down', 'down']}","{'green circle': [(4, 0), (4, 1), (5, 1), (6, 1), (7, 1), (8, 1)], 'red triangle': [(4, 0), (4, 1), (4, 2), (3, 2), (2, 2), (1, 2), (1, 3), (1, 4), (1, 5), (1, 6)], 'purple triangle': [(4, 0), (3, 0), (2, 0), (2, 1), (2, 2), (2, 3), (2, 4), (2, 5), (2, 6), (2, 7), (2, 8)], 'purple square': [(4, 0), (4, 1), (4, 2), (3, 2), (2, 2), (2, 3), (2, 4), (2, 5), (2, 6), (1, 6), (0, 6)], 'red square': [(4, 0), (4, 1), (4, 2), (3, 2), (2, 2), (2, 3), (3, 3), (4, 3)]}","{'green circle': ['up', 'right', 'right', 'right', 'right'], 'red triangle': ['up', 'up', 'left', 'left', 'left', 'up', 'up', 'up', 'up'], 'purple triangle': ['left', 'left', 'up', 'up', 'up', 'up', 'up', 'up', 'up', 'up'], 'purple square': ['up', 'up', 'left', 'left', 'up', 'up', 'up', 'up', 'left', 'left'], 'red square': ['up', 'up', 'left', 'left', 'up', 'right', 'right']}"
14,"(4, 0)","(4, 7)",red circle,"['purple', 'red', 'green', 'circle', 'square', 'triangle']","{(7, 0): 'green square', (4, 6): 'red circle', (1, 9): 'red triangle', (8, 7): 'purple triangle', (4, 3): 'purple circle'}",5,R,"{'receiver': ['A1', 'A2', 'B2'], 'signaler': ['C3'], 'flipped': ['B1']}","{'purple': 'purple triangle', 'red': 'red triangle', 'green': 'green square', 'circle': 'red circle', 'square': 'green square', 'triangle': 'red triangle'}","{'green square': (7, 0), 'red circle': (4, 6), 'red triangle': (1, 9), 'purple triangle': (8, 7), 'purple circle': (4, 3)}","{'up': '(3, 5), (4, 5), (5, 5), (6, 5), (7, 5), (8, 5)', 'down': '(3, 6), (4, 6), (5, 6), (6, 6), (7, 6), (8, 6)', 'left': '', 'right': ''}","{'green square': [(4, 7), (4, 6), (3, 6), (2, 6), (2, 5), (3, 5), (4, 5), (5, 5), (6, 5), (7, 5), (7, 4), (7, 3), (7, 2), (7, 1), (7, 0)], 'red circle': [(4, 7), (4, 6)], 'red triangle': [(4, 7), (3, 7), (2, 7), (1, 7), (1, 8), (1, 9)], 'purple triangle': [(4, 7), (5, 7), (6, 7), (7, 7), (8, 7)], 'purple circle': [(4, 7), (4, 6), (3, 6), (2, 6), (2, 5), (2, 4), (2, 3), (3, 3), (4, 3)]}","{'green square': ['down', 'left', 'left', 'down', 'right', 'right', 'right', 'right', 'right', 'down', 'down', 'down', 'down', 'down'], 'red circle': ['down'], 'red triangle': ['left', 'left', 'left', 'up', 'up'], 'purple triangle': ['right', 'right', 'right', 'right'], 'purple circle': ['down', 'left', 'left', 'down', 'down', 'down', 'right', 'right']}","{'green square': [(4, 0), (5, 0), (6, 0), (7, 0)], 'red circle': [(4, 0), (3, 0), (2, 0), (2, 1), (2, 2), (2, 3), (2, 4), (2, 5), (2, 6), (3, 6), (4, 6)], 'red triangle': [(4, 0), (3, 0), (2, 0), (1, 0), (1, 1), (1, 2), (1, 3), (1, 4), (1, 5), (1, 6), (1, 7), (1, 8), (1, 9)], 'purple triangle': [(4, 0), (3, 0), (3, 1), (3, 2), (3, 3), (3, 4), (3, 5), (2, 5), (2, 6), (2, 7), (3, 7), (4, 7), (5, 7), (6, 7), (7, 7), (8, 7)], 'purple circle': [(4, 0), (4, 1), (4, 2), (4, 3)]}","{'green square': ['right', 'right', 'right'], 'red circle': ['left', 'left', 'up', 'up', 'up', 'up', 'up', 'up', 'right', 'right'], 'red triangle': ['left', 'left', 'left', 'up', 'up', 'up', 'up', 'up', 'up', 'up', 'up', 'up'], 'purple triangle': ['left', 'up', 'up', 'up', 'up', 'up', 'left', 'up', 'up', 'right', 'right', 'right', 'right', 'right', 'right'], 'purple circle': ['up', 'up', 'up']}"
15,"(4, 0)","(4, 7)",red circle,"['purple', 'red', 'green', 'circle', 'square', 'triangle']","{(7, 0): 'green square', (4, 6): 'red circle', (1, 9): 'red triangle', (8, 7): 'purple triangle', (4, 3): 'purple circle'}",5,S,"{'receiver': ['A1', 'A2', 'B2'], 'signaler': ['C3'], 'flipped': ['B1']}","{'purple': 'purple triangle', 'red': 'red triangle', 'green': 'green square', 'circle': 'purple circle', 'square': 'green square', 'triangle': 'purple triangle'}","{'green square': (7, 0), 'red circle': (4, 6), 'red triangle': (1, 9), 'purple triangle': (8, 7), 'purple circle': (4, 3)}","{'up': '(3, 2), (4, 2), (5, 2), (6, 2), (7, 2), (8, 2)', 'down': '(3, 3), (4, 3), (5, 3), (6, 3), (7, 3), (8, 3)', 'left': '', 'right': ''}","{'green square': [(4, 7), (3, 7), (2, 7), (2, 6), (2, 5), (2, 4), (2, 3), (2, 2), (3, 2), (4, 2), (5, 2), (6, 2), (7, 2), (7, 1), (7, 0)], 'red circle': [(4, 7), (4, 6)], 'red triangle': [(4, 7), (4, 8), (4, 9), (3, 9), (2, 9), (1, 9)], 'purple triangle': [(4, 7), (5, 7), (6, 7), (7, 7), (8, 7)], 'purple circle': [(4, 7), (4, 6), (4, 5), (4, 4), (4, 3)]}","{'green square': ['left', 'left', 'down', 'down', 'down', 'down', 'down', 'right', 'right', 'right', 'right', 'right', 'down', 'down'], 'red circle': ['down'], 'red triangle': ['up', 'up', 'left', 'left', 'left'], 'purple triangle': ['right', 'right', 'right', 'right'], 'purple circle': ['down', 'down', 'down', 'down']}","{'green square': [(4, 0), (5, 0), (6, 0), (7, 0)], 'red circle': [(4, 0), (4, 1), (4, 2), (3, 2), (2, 2), (2, 3), (2, 4), (2, 5), (2, 6), (3, 6), (4, 6)], 'red triangle': [(4, 0), (3, 0), (2, 0), (1, 0), (1, 1), (1, 2), (1, 3), (1, 4), (1, 5), (1, 6), (1, 7), (1, 8), (1, 9)], 'purple triangle': [(4, 0), (4, 1), (4, 2), (3, 2), (2, 2), (2, 3), (2, 4), (2, 5), (2, 6), (2, 7), (3, 7), (4, 7), (5, 7), (6, 7), (7, 7), (8, 7)], 'purple circle': [(4, 0), (4, 1), (4, 2), (3, 2), (2, 2), (2, 3), (3, 3), (4, 3)]}","{'green square': ['right', 'right', 'right'], 'red circle': ['up', 'up', 'left', 'left', 'up', 'up', 'up', 'up', 'right', 'right'], 'red triangle': ['left', 'left', 'left', 'up', 'up', 'up', 'up', 'up', 'up', 'up', 'up', 'up'], 'purple triangle': ['up', 'up', 'left', 'left', 'up', 'up', 'up', 'up', 'up', 'right', 'right', 'right', 'right', 'right', 'right'], 'purple circle': ['up', 'up', 'left', 'left', 'up', 'right', 'right']}"
16,"(4, 0)","(4, 7)",green square,"['triangle', 'square', 'circle', 'green', 'red', 'purple']","{(1, 1): 'red circle', (1, 6): 'green square', (2, 6): 'purple square', (0, 7): 'purple triangle', (7, 3): 'green triangle'}",5,R,"{'receiver': ['A1', 'A2', 'B2'], 'signaler': ['C3'], 'flipped': ['B1']}","{'triangle': 'purple triangle', 'square': 'purple square', 'circle': 'red circle', 'green': 'green square', 'red': 'red circle', 'purple': 'purple square'}","{'red circle': (1, 1), 'green square': (1, 6), 'purple square': (2, 6), 'purple triangle': (0, 7), 'green triangle': (7, 3)}","{'up': '(3, 5), (4, 5), (5, 5), (6, 5), (7, 5), (8, 5)', 'down': '(3, 6), (4, 6), (5, 6), (6, 6), (7, 6), (8, 6)', 'left': '', 'right': ''}","{'red circle': [(4, 7), (3, 7), (2, 7), (1, 7), (1, 6), (1, 5), (1, 4), (1, 3), (1, 2), (1, 1)], 'green square': [(4, 7), (4, 6), (3, 6), (2, 6), (1, 6)], 'purple square': [(4, 7), (3, 7), (2, 7), (2, 6)], 'purple triangle': [(4, 7), (3, 7), (2, 7), (1, 7), (0, 7)], 'green triangle': [(4, 7), (3, 7), (2, 7), (2, 6), (2, 5), (2, 4), (2, 3), (3, 3), (4, 3), (5, 3), (6, 3), (7, 3)]}","{'red circle': ['left', 'left', 'left', 'down', 'down', 'down', 'down', 'down', 'down'], 'green square': ['down', 'left', 'left', 'left'], 'purple square': ['left', 'left', 'down'], 'purple triangle': ['left', 'left', 'left', 'left'], 'green triangle': ['left', 'left', 'down', 'down', 'down', 'down', 'right', 'right', 'right', 'right', 'right']}","{'red circle': [(4, 0), (3, 0), (2, 0), (1, 0), (1, 1)], 'green square': [(4, 0), (3, 0), (3, 1), (3, 2), (3, 3), (3, 4), (3, 5), (2, 5), (1, 5), (1, 6)], 'purple square': [(4, 0), (4, 1), (4, 2), (4, 3), (4, 4), (4, 5), (3, 5), (2, 5), (2, 6)], 'purple triangle': [(4, 0), (3, 0), (2, 0), (1, 0), (0, 0), (0, 1), (0, 2), (0, 3), (0, 4), (0, 5), (0, 6), (0, 7)], 'green triangle': [(4, 0), (4, 1), (4, 2), (4, 3), (5, 3), (6, 3), (7, 3)]}","{'red circle': ['left', 'left', 'left', 'up'], 'green square': ['left', 'up', 'up', 'up', 'up', 'up', 'left', 'left', 'up'], 'purple square': ['up', 'up', 'up', 'up', 'up', 'left', 'left', 'up'], 'purple triangle': ['left', 'left', 'left', 'left', 'up', 'up', 'up', 'up', 'up', 'up', 'up'], 'green triangle': ['up', 'up', 'up', 'right', 'right', 'right']}"
17,"(4, 0)","(4, 7)",green square,"['triangle', 'square', 'circle', 'green', 'red', 'purple']","{(1, 1): 'red circle', (1, 6): 'green square', (2, 6): 'purple square', (0, 7): 'purple triangle', (7, 3): 'green triangle'}",5,S,"{'receiver': ['A1', 'A2', 'B2'], 'signaler': ['C3'], 'flipped': ['B1']}","{'triangle': 'green triangle', 'square': 'green square', 'circle': 'red circle', 'green': 'green triangle', 'red': 'red circle', 'purple': 'purple triangle'}","{'red circle': (1, 1), 'green square': (1, 6), 'purple square': (2, 6), 'purple triangle': (0, 7), 'green triangle': (7, 3)}","{'up': '(3, 2), (4, 2), (5, 2), (6, 2), (7, 2), (8, 2)', 'down': '(3, 3), (4, 3), (5, 3), (6, 3), (7, 3), (8, 3)', 'left': '', 'right': ''}","{'red circle': [(4, 7), (3, 7), (2, 7), (1, 7), (1, 6), (1, 5), (1, 4), (1, 3), (1, 2), (1, 1)], 'green square': [(4, 7), (4, 6), (3, 6), (2, 6), (1, 6)], 'purple square': [(4, 7), (3, 7), (2, 7), (2, 6)], 'purple triangle': [(4, 7), (3, 7), (2, 7), (1, 7), (0, 7)], 'green triangle': [(4, 7), (5, 7), (6, 7), (7, 7), (7, 6), (7, 5), (7, 4), (7, 3)]}","{'red circle': ['left', 'left', 'left', 'down', 'down', 'down', 'down', 'down', 'down'], 'green square': ['down', 'left', 'left', 'left'], 'purple square': ['left', 'left', 'down'], 'purple triangle': ['left', 'left', 'left', 'left'], 'green triangle': ['right', 'right', 'right', 'down', 'down', 'down', 'down']}","{'red circle': [(4, 0), (4, 1), (3, 1), (2, 1), (1, 1)], 'green square': [(4, 0), (3, 0), (3, 1), (3, 2), (2, 2), (1, 2), (1, 3), (1, 4), (1, 5), (1, 6)], 'purple square': [(4, 0), (4, 1), (4, 2), (3, 2), (2, 2), (2, 3), (2, 4), (2, 5), (2, 6)], 'purple triangle': [(4, 0), (3, 0), (2, 0), (1, 0), (0, 0), (0, 1), (0, 2), (0, 3), (0, 4), (0, 5), (0, 6), (0, 7)], 'green triangle': [(4, 0), (4, 1), (4, 2), (3, 2), (2, 2), (2, 3), (3, 3), (4, 3), (5, 3), (6, 3), (7, 3)]}","{'red circle': ['up', 'left', 'left', 'left'], 'green square': ['left', 'up', 'up', 'left', 'left', 'up', 'up', 'up', 'up'], 'purple square': ['up', 'up', 'left', 'left', 'up', 'up', 'up', 'up'], 'purple triangle': ['left', 'left', 'left', 'left', 'up', 'up', 'up', 'up', 'up', 'up', 'up'], 'green triangle': ['up', 'up', 'left', 'left', 'up', 'right', 'right', 'right', 'right', 'right']}"
18,"(4, 0)","(4, 7)",green square,"['triangle', 'square', 'circle', 'green', 'red', 'purple']","{(2, 1): 'red circle', (6, 7): 'green square', (2, 8): 'purple square', (8, 6): 'purple triangle', (5, 3): 'green triangle'}",5,R,"{'receiver': ['A1', 'A2', 'B2'], 'signaler': ['C3'], 'flipped': ['B1']}","{'triangle': 'purple triangle', 'square': 'purple square', 'circle': 'red circle', 'green': 'green square', 'red': 'red circle', 'purple': 'purple square'}","{'red circle': (2, 1), 'green square': (6, 7), 'purple square': (2, 8), 'purple triangle': (8, 6), 'green triangle': (5, 3)}","{'up': '(3, 5), (4, 5), (5, 5), (6, 5), (7, 5), (8, 5)', 'down': '(3, 6), (4, 6), (5, 6), (6, 6), (7, 6), (8, 6)', 'left': '', 'right': ''}","{'red circle': [(4, 7), (3, 7), (2, 7), (2, 6), (2, 5), (2, 4), (2, 3), (2, 2), (2, 1)], 'green square': [(4, 7), (5, 7), (6, 7)], 'purple square': [(4, 7), (3, 7), (2, 7), (2, 8)], 'purple triangle': [(4, 7), (5, 7), (6, 7), (7, 7), (8, 7), (8, 6)], 'green triangle': [(4, 7), (3, 7), (2, 7), (2, 6), (2, 5), (2, 4), (2, 3), (3, 3), (4, 3), (5, 3)]}","{'red circle': ['left', 'left', 'down', 'down', 'down', 'down', 'down', 'down'], 'green square': ['right', 'right'], 'purple square': ['left', 'left', 'up'], 'purple triangle': ['right', 'right', 'right', 'right', 'down'], 'green triangle': ['left', 'left', 'down', 'down', 'down', 'down', 'right', 'right', 'right']}","{'red circle': [(4, 0), (4, 1), (3, 1), (2, 1)], 'green square': [(4, 0), (4, 1), (4, 2), (4, 3), (4, 4), (4, 5), (3, 5), (2, 5), (2, 6), (2, 7), (3, 7), (4, 7), (5, 7), (6, 7)], 'purple square': [(4, 0), (3, 0), (2, 0), (2, 1), (2, 2), (2, 3), (2, 4), (2, 5), (2, 6), (2, 7), (2, 8)], 'purple triangle': [(4, 0), (4, 1), (4, 2), (4, 3), (4, 4), (4, 5), (3, 5), (2, 5), (2, 6), (3, 6), (4, 6), (5, 6), (6, 6), (7, 6), (8, 6)], 'green triangle': [(4, 0), (4, 1), (4, 2), (4, 3), (5, 3)]}","{'red circle': ['up', 'left', 'left'], 'green square': ['up', 'up', 'up', 'up', 'up', 'left', 'left', 'up', 'up', 'right', 'right', 'right', 'right'], 'purple square': ['left', 'left', 'up', 'up', 'up', 'up', 'up', 'up', 'up', 'up'], 'purple triangle': ['up', 'up', 'up', 'up', 'up', 'left', 'left', 'up', 'right', 'right', 'right', 'right', 'right', 'right'], 'green triangle': ['up', 'up', 'up', 'right']}"
19,"(4, 0)","(4, 7)",green square,"['triangle', 'square', 'circle', 'green', 'red', 'purple']","{(2, 1): 'red circle', (6, 7): 'green square', (2, 8): 'purple square', (8, 6): 'purple triangle', (5, 3): 'green triangle'}",5,S,"{'receiver': ['A1', 'A2', 'B2'], 'signaler': ['C3'], 'flipped': ['B1']}","{'triangle': 'purple triangle', 'square': 'purple square', 'circle': 'red circle', 'green': 'green triangle', 'red': 'red circle', 'purple': 'purple triangle'}","{'red circle': (2, 1), 'green square': (6, 7), 'purple square': (2, 8), 'purple triangle': (8, 6), 'green triangle': (5, 3)}","{'up': '(3, 2), (4, 2), (5, 2), (6, 2), (7, 2), (8, 2)', 'down': '(3, 3), (4, 3), (5, 3), (6, 3), (7, 3), (8, 3)', 'left': '', 'right': ''}","{'red circle': [(4, 7), (3, 7), (2, 7), (2, 6), (2, 5), (2, 4), (2, 3), (2, 2), (2, 1)], 'green square': [(4, 7), (5, 7), (6, 7)], 'purple square': [(4, 7), (3, 7), (2, 7), (2, 8)], 'purple triangle': [(4, 7), (5, 7), (6, 7), (7, 7), (8, 7), (8, 6)], 'green triangle': [(4, 7), (5, 7), (5, 6), (5, 5), (5, 4), (5, 3)]}","{'red circle': ['left', 'left', 'down', 'down', 'down', 'down', 'down', 'down'], 'green square': ['right', 'right'], 'purple square': ['left', 'left', 'up'], 'purple triangle': ['right', 'right', 'right', 'right', 'down'], 'green triangle': ['right', 'down', 'down', 'down', 'down']}","{'red circle': [(4, 0), (3, 0), (2, 0), (2, 1)], 'green square': [(4, 0), (3, 0), (2, 0), (2, 1), (2, 2), (2, 3), (2, 4), (2, 5), (2, 6), (2, 7), (3, 7), (4, 7), (5, 7), (6, 7)], 'purple square': [(4, 0), (3, 0), (2, 0), (2, 1), (2, 2), (2, 3), (2, 4), (2, 5), (2, 6), (2, 7), (2, 8)], 'purple triangle': [(4, 0), (4, 1), (4, 2), (3, 2), (2, 2), (2, 3), (2, 4), (2, 5), (2, 6), (3, 6), (4, 6), (5, 6), (6, 6), (7, 6), (8, 6)], 'green triangle': [(4, 0), (4, 1), (4, 2), (3, 2), (2, 2), (2, 3), (3, 3), (4, 3), (5, 3)]}","{'red circle': ['left', 'left', 'up'], 'green square': ['left', 'left', 'up', 'up', 'up', 'up', 'up', 'up', 'up', 'right', 'right', 'right', 'right'], 'purple square': ['left', 'left', 'up', 'up', 'up', 'up', 'up', 'up', 'up', 'up'], 'purple triangle': ['up', 'up', 'left', 'left', 'up', 'up', 'up', 'up', 'right', 'right', 'right', 'right', 'right', 'right'], 'green triangle': ['up', 'up', 'left', 'left', 'up', 'right', 'right', 'right']}"
20,"(4, 0)","(4, 7)",red triangle,"['green', 'red', 'purple', 'triangle', 'square', 'circle']","{(5, 2): 'purple square', (3, 6): 'red triangle', (1, 6): 'red circle', (0, 6): 'green circle', (6, 3): 'green triangle'}",5,R,"{'receiver': ['A1', 'A2', 'B2'], 'signaler': ['C3'], 'flipped': ['B1']}","{'green': 'green circle', 'red': 'red circle', 'purple': 'purple square', 'triangle': 'red triangle', 'square': 'purple square', 'circle': 'red circle'}","{'purple square': (5, 2), 'red triangle': (3, 6), 'red circle': (1, 6), 'green circle': (0, 6), 'green triangle': (6, 3)}","{'up': '(3, 5), (4, 5), (5, 5), (6, 5), (7, 5), (8, 5)', 'down': '(3, 6), (4, 6), (5, 6), (6, 6), (7, 6), (8, 6)', 'left': '', 'right': ''}","{'purple square': [(4, 7), (3, 7), (2, 7), (2, 6), (2, 5), (2, 4), (2, 3), (2, 2), (3, 2), (4, 2), (5, 2)], 'red triangle': [(4, 7), (4, 6), (3, 6)], 'red circle': [(4, 7), (3, 7), (2, 7), (1, 7), (1, 6)], 'green circle': [(4, 7), (4, 6), (3, 6), (2, 6), (1, 6), (0, 6)], 'green triangle': [(4, 7), (3, 7), (2, 7), (2, 6), (2, 5), (2, 4), (2, 3), (3, 3), (4, 3), (5, 3), (6, 3)]}","{'purple square': ['left', 'left', 'down', 'down', 'down', 'down', 'down', 'right', 'right', 'right'], 'red triangle': ['down', 'left'], 'red circle': ['left', 'left', 'left', 'down'], 'green circle': ['down', 'left', 'left', 'left', 'left'], 'green triangle': ['left', 'left', 'down', 'down', 'down', 'down', 'right', 'right', 'right', 'right']}","{'purple square': [(4, 0), (5, 0), (5, 1), (5, 2)], 'red triangle': [(4, 0), (4, 1), (4, 2), (4, 3), (4, 4), (4, 5), (3, 5), (2, 5), (2, 6), (3, 6)], 'red circle': [(4, 0), (4, 1), (4, 2), (4, 3), (4, 4), (4, 5), (3, 5), (2, 5), (1, 5), (1, 6)], 'green circle': [(4, 0), (3, 0), (2, 0), (1, 0), (0, 0), (0, 1), (0, 2), (0, 3), (0, 4), (0, 5), (0, 6)], 'green triangle': [(4, 0), (4, 1), (4, 2), (4, 3), (5, 3), (6, 3)]}","{'purple square': ['right', 'up', 'up'], 'red triangle': ['up', 'up', 'up', 'up', 'up', 'left', 'left', 'up', 'right'], 'red circle': ['up', 'up', 'up', 'up', 'up', 'left', 'left', 'left', 'up'], 'green circle': ['left', 'left', 'left', 'left', 'up', 'up', 'up', 'up', 'up', 'up'], 'green triangle': ['up', 'up', 'up', 'right', 'right']}"
21,"(4, 0)","(4, 7)",red triangle,"['green', 'red', 'purple', 'triangle', 'square', 'circle']","{(5, 2): 'purple square', (3, 6): 'red triangle', (1, 6): 'red circle', (0, 6): 'green circle', (6, 3): 'green triangle'}",5,S,"{'receiver': ['A1', 'A2', 'B2'], 'signaler': ['C3'], 'flipped': ['B1']}","{'green': 'green circle', 'red': 'red circle', 'purple': 'purple square', 'triangle': 'green triangle', 'square': 'purple square', 'circle': 'green circle'}","{'purple square': (5, 2), 'red triangle': (3, 6), 'red circle': (1, 6), 'green circle': (0, 6), 'green triangle': (6, 3)}","{'up': '(3, 2), (4, 2), (5, 2), (6, 2), (7, 2), (8, 2)', 'down': '(3, 3), (4, 3), (5, 3), (6, 3), (7, 3), (8, 3)', 'left': '', 'right': ''}","{'purple square': [(4, 7), (4, 6), (4, 5), (4, 4), (4, 3), (3, 3), (2, 3), (2, 2), (3, 2), (4, 2), (5, 2)], 'red triangle': [(4, 7), (4, 6), (3, 6)], 'red circle': [(4, 7), (3, 7), (2, 7), (1, 7), (1, 6)], 'green circle': [(4, 7), (4, 6), (3, 6), (2, 6), (1, 6), (0, 6)], 'green triangle': [(4, 7), (5, 7), (6, 7), (6, 6), (6, 5), (6, 4), (6, 3)]}","{'purple square': ['down', 'down', 'down', 'down', 'left', 'left', 'down', 'right', 'right', 'right'], 'red triangle': ['down', 'left'], 'red circle': ['left', 'left', 'left', 'down'], 'green circle': ['down', 'left', 'left', 'left', 'left'], 'green triangle': ['right', 'right', 'down', 'down', 'down', 'down']}","{'purple square': [(4, 0), (4, 1), (4, 2), (5, 2)], 'red triangle': [(4, 0), (3, 0), (3, 1), (3, 2), (2, 2), (2, 3), (2, 4), (2, 5), (2, 6), (3, 6)], 'red circle': [(4, 0), (3, 0), (3, 1), (3, 2), (2, 2), (1, 2), (1, 3), (1, 4), (1, 5), (1, 6)], 'green circle': [(4, 0), (4, 1), (4, 2), (3, 2), (2, 2), (2, 3), (2, 4), (2, 5), (2, 6), (1, 6), (0, 6)], 'green triangle': [(4, 0), (4, 1), (4, 2), (3, 2), (2, 2), (2, 3), (3, 3), (4, 3), (5, 3), (6, 3)]}","{'purple square': ['up', 'up', 'right'], 'red triangle': ['left', 'up', 'up', 'left', 'up', 'up', 'up', 'up', 'right'], 'red circle': ['left', 'up', 'up', 'left', 'left', 'up', 'up', 'up', 'up'], 'green circle': ['up', 'up', 'left', 'left', 'up', 'up', 'up', 'up', 'left', 'left'], 'green triangle': ['up', 'up', 'left', 'left', 'up', 'right', 'right', 'right', 'right']}"
22,"(4, 0)","(4, 7)",purple triangle,"['circle', 'triangle', 'square', 'purple', 'green', 'red']","{(5, 2): 'green square', (5, 7): 'purple triangle', (5, 8): 'red triangle', (8, 7): 'red circle', (4, 3): 'purple circle'}",5,R,"{'receiver': ['A1', 'A2', 'B2'], 'signaler': ['C3'], 'flipped': ['B1']}","{'circle': 'red circle', 'triangle': 'red triangle', 'square': 'green square', 'purple': 'purple triangle', 'green': 'green square', 'red': 'red triangle'}","{'green square': (5, 2), 'purple triangle': (5, 7), 'red triangle': (5, 8), 'red circle': (8, 7), 'purple circle': (4, 3)}","{'up': '(3, 5), (4, 5), (5, 5), (6, 5), (7, 5), (8, 5)', 'down': '(3, 6), (4, 6), (5, 6), (6, 6), (7, 6), (8, 6)', 'left': '', 'right': ''}","{'green square': [(4, 7), (3, 7), (2, 7), (2, 6), (2, 5), (2, 4), (2, 3), (2, 2), (3, 2), (4, 2), (5, 2)], 'purple triangle': [(4, 7), (5, 7)], 'red triangle': [(4, 7), (5, 7), (5, 8)], 'red circle': [(4, 7), (5, 7), (6, 7), (7, 7), (8, 7)], 'purple circle': [(4, 7), (3, 7), (2, 7), (2, 6), (2, 5), (2, 4), (2, 3), (3, 3), (4, 3)]}","{'green square': ['left', 'left', 'down', 'down', 'down', 'down', 'down', 'right', 'right', 'right'], 'purple triangle': ['right'], 'red triangle': ['right', 'up'], 'red circle': ['right', 'right', 'right', 'right'], 'purple circle': ['left', 'left', 'down', 'down', 'down', 'down', 'right', 'right']}","{'green square': [(4, 0), (4, 1), (4, 2), (5, 2)], 'purple triangle': [(4, 0), (4, 1), (4, 2), (4, 3), (4, 4), (4, 5), (3, 5), (2, 5), (2, 6), (2, 7), (3, 7), (4, 7), (5, 7)], 'red triangle': [(4, 0), (4, 1), (4, 2), (4, 3), (4, 4), (4, 5), (3, 5), (2, 5), (2, 6), (2, 7), (2, 8), (3, 8), (4, 8), (5, 8)], 'red circle': [(4, 0), (4, 1), (4, 2), (4, 3), (4, 4), (4, 5), (3, 5), (2, 5), (2, 6), (2, 7), (3, 7), (4, 7), (5, 7), (6, 7), (7, 7), (8, 7)], 'purple circle': [(4, 0), (4, 1), (4, 2), (4, 3)]}","{'green square': ['up', 'up', 'right'], 'purple triangle': ['up', 'up', 'up', 'up', 'up', 'left', 'left', 'up', 'up', 'right', 'right', 'right'], 'red triangle': ['up', 'up', 'up', 'up', 'up', 'left', 'left', 'up', 'up', 'up', 'right', 'right', 'right'], 'red circle': ['up', 'up', 'up', 'up', 'up', 'left', 'left', 'up', 'up', 'right', 'right', 'right', 'right', 'right', 'right'], 'purple circle': ['up', 'up', 'up']}"
23,"(4, 0)","(4, 7)",purple triangle,"['circle', 'triangle', 'square', 'purple', 'green', 'red']","{(5, 2): 'green square', (5, 7): 'purple triangle', (5, 8): 'red triangle', (8, 7): 'red circle', (4, 3): 'purple circle'}",5,S,"{'receiver': ['A1', 'A2', 'B2'], 'signaler': ['C3'], 'flipped': ['B1']}","{'circle': 'red circle', 'triangle': 'red triangle', 'square': 'green square', 'purple': 'purple circle', 'green': 'green square', 'red': 'red circle'}","{'green square': (5, 2), 'purple triangle': (5, 7), 'red triangle': (5, 8), 'red circle': (8, 7), 'purple circle': (4, 3)}","{'up': '(3, 2), (4, 2), (5, 2), (6, 2), (7, 2), (8, 2)', 'down': '(3, 3), (4, 3), (5, 3), (6, 3), (7, 3), (8, 3)', 'left': '', 'right': ''}","{'green square': [(4, 7), (4, 6), (4, 5), (4, 4), (4, 3), (3, 3), (2, 3), (2, 2), (3, 2), (4, 2), (5, 2)], 'purple triangle': [(4, 7), (5, 7)], 'red triangle': [(4, 7), (5, 7), (5, 8)], 'red circle': [(4, 7), (5, 7), (6, 7), (7, 7), (8, 7)], 'purple circle': [(4, 7), (4, 6), (4, 5), (4, 4), (4, 3)]}","{'green square': ['down', 'down', 'down', 'down', 'left', 'left', 'down', 'right', 'right', 'right'], 'purple triangle': ['right'], 'red triangle': ['right', 'up'], 'red circle': ['right', 'right', 'right', 'right'], 'purple circle': ['down', 'down', 'down', 'down']}","{'green square': [(4, 0), (4, 1), (4, 2), (5, 2)], 'purple triangle': [(4, 0), (3, 0), (2, 0), (2, 1), (2, 2), (2, 3), (2, 4), (2, 5), (2, 6), (2, 7), (3, 7), (4, 7), (5, 7)], 'red triangle': [(4, 0), (4, 1), (4, 2), (3, 2), (2, 2), (2, 3), (2, 4), (2, 5), (2, 6), (2, 7), (2, 8), (3, 8), (4, 8), (5, 8)], 'red circle': [(4, 0), (4, 1), (4, 2), (3, 2), (2, 2), (2, 3), (2, 4), (2, 5), (2, 6), (2, 7), (3, 7), (4, 7), (5, 7), (6, 7), (7, 7), (8, 7)], 'purple circle': [(4, 0), (4, 1), (4, 2), (3, 2), (2, 2), (2, 3), (3, 3), (4, 3)]}","{'green square': ['up', 'up', 'right'], 'purple triangle': ['left', 'left', 'up', 'up', 'up', 'up', 'up', 'up', 'up', 'right', 'right', 'right'], 'red triangle': ['up', 'up', 'left', 'left', 'up', 'up', 'up', 'up', 'up', 'up', 'right', 'right', 'right'], 'red circle': ['up', 'up', 'left', 'left', 'up', 'up', 'up', 'up', 'up', 'right', 'right', 'right', 'right', 'right', 'right'], 'purple circle': ['up', 'up', 'left', 'left', 'up', 'right', 'right']}"
24,"(4, 0)","(4, 7)",green square,"['red', 'green', 'purple', 'square', 'triangle', 'circle']","{(1, 5): 'green square', (0, 9): 'green circle', (5, 9): 'green triangle', (0, 5): 'red square', (5, 3): 'purple square'}",5,R,"{'receiver': ['A1', 'A2', 'A3', 'B1'], 'signaler': [], 'flipped': ['C1']}","{'red': 'red square', 'green': 'green square', 'purple': 'purple square', 'square': 'green square', 'triangle': 'green triangle', 'circle': 'green circle'}","{'green square': (1, 5), 'green circle': (0, 9), 'green triangle': (5, 9), 'red square': (0, 5), 'purple square': (5, 3)}","{'up': '(3, 5), (4, 5), (5, 5), (6, 5), (7, 5), (8, 5)', 'down': '(3, 6), (4, 6), (5, 6), (6, 6), (7, 6), (8, 6)', 'left': '', 'right': ''}","{'green square': [(4, 7), (4, 6), (3, 6), (2, 6), (1, 6), (1, 5)], 'green circle': [(4, 7), (3, 7), (2, 7), (1, 7), (0, 7), (0, 8), (0, 9)], 'green triangle': [(4, 7), (4, 8), (4, 9), (5, 9)], 'red square': [(4, 7), (3, 7), (2, 7), (1, 7), (0, 7), (0, 6), (0, 5)], 'purple square': [(4, 7), (3, 7), (2, 7), (2, 6), (2, 5), (2, 4), (2, 3), (3, 3), (4, 3), (5, 3)]}","{'green square': ['down', 'left', 'left', 'left', 'down'], 'green circle': ['left', 'left', 'left', 'left', 'up', 'up'], 'green triangle': ['up', 'up', 'right'], 'red square': ['left', 'left', 'left', 'left', 'down', 'down'], 'purple square': ['left', 'left', 'down', 'down', 'down', 'down', 'right', 'right', 'right']}","{'green square': [(4, 0), (4, 1), (4, 2), (4, 3), (4, 4), (4, 5), (3, 5), (2, 5), (1, 5)], 'green circle': [(4, 0), (4, 1), (4, 2), (4, 3), (4, 4), (4, 5), (3, 5), (2, 5), (2, 6), (2, 7), (2, 8), (2, 9), (1, 9), (0, 9)], 'green triangle': [(4, 0), (3, 0), (2, 0), (2, 1), (2, 2), (2, 3), (2, 4), (2, 5), (2, 6), (2, 7), (2, 8), (2, 9), (3, 9), (4, 9), (5, 9)], 'red square': [(4, 0), (4, 1), (4, 2), (4, 3), (4, 4), (4, 5), (3, 5), (2, 5), (1, 5), (0, 5)], 'purple square': [(4, 0), (5, 0), (5, 1), (5, 2), (5, 3)]}","{'green square': ['up', 'up', 'up', 'up', 'up', 'left', 'left', 'left'], 'green circle': ['up', 'up', 'up', 'up', 'up', 'left', 'left', 'up', 'up', 'up', 'up', 'left', 'left'], 'green triangle': ['left', 'left', 'up', 'up', 'up', 'up', 'up', 'up', 'up', 'up', 'up', 'right', 'right', 'right'], 'red square': ['up', 'up', 'up', 'up', 'up', 'left', 'left', 'left', 'left'], 'purple square': ['right', 'up', 'up', 'up']}"
25,"(4, 0)","(4, 7)",green square,"['red', 'green', 'purple', 'square', 'triangle', 'circle']","{(1, 5): 'green square', (0, 9): 'green circle', (5, 9): 'green triangle', (0, 5): 'red square', (5, 3): 'purple square'}",5,S,"{'receiver': ['A1', 'A2', 'A3', 'B1'], 'signaler': [], 'flipped': ['C1']}","{'red': 'red square', 'green': 'green square', 'purple': 'purple square', 'square': 'green square', 'triangle': 'green triangle', 'circle': 'green circle'}","{'green square': (1, 5), 'green circle': (0, 9), 'green triangle': (5, 9), 'red square': (0, 5), 'purple square': (5, 3)}","{'up': '(3, 2), (4, 2), (5, 2), (6, 2), (7, 2), (8, 2)', 'down': '(3, 3), (4, 3), (5, 3), (6, 3), (7, 3), (8, 3)', 'left': '', 'right': ''}","{'green square': [(4, 7), (3, 7), (2, 7), (1, 7), (1, 6), (1, 5)], 'green circle': [(4, 7), (4, 8), (4, 9), (3, 9), (2, 9), (1, 9), (0, 9)], 'green triangle': [(4, 7), (4, 8), (4, 9), (5, 9)], 'red square': [(4, 7), (3, 7), (2, 7), (1, 7), (0, 7), (0, 6), (0, 5)], 'purple square': [(4, 7), (5, 7), (5, 6), (5, 5), (5, 4), (5, 3)]}","{'green square': ['left', 'left', 'left', 'down', 'down'], 'green circle': ['up', 'up', 'left', 'left', 'left', 'left'], 'green triangle': ['up', 'up', 'right'], 'red square': ['left', 'left', 'left', 'left', 'down', 'down'], 'purple square': ['right', 'down', 'down', 'down', 'down']}","{'green square': [(4, 0), (4, 1), (4, 2), (3, 2), (2, 2), (1, 2), (1, 3), (1, 4), (1, 5)], 'green circle': [(4, 0), (4, 1), (4, 2), (3, 2), (2, 2), (1, 2), (0, 2), (0, 3), (0, 4), (0, 5), (0, 6), (0, 7), (0, 8), (0, 9)], 'green triangle': [(4, 0), (3, 0), (2, 0), (2, 1), (2, 2), (2, 3), (2, 4), (2, 5), (2, 6), (2, 7), (2, 8), (2, 9), (3, 9), (4, 9), (5, 9)], 'red square': [(4, 0), (3, 0), (2, 0), (2, 1), (2, 2), (2, 3), (2, 4), (2, 5), (1, 5), (0, 5)], 'purple square': [(4, 0), (3, 0), (2, 0), (2, 1), (2, 2), (2, 3), (3, 3), (4, 3), (5, 3)]}","{'green square': ['up', 'up', 'left', 'left', 'left', 'up', 'up', 'up'], 'green circle': ['up', 'up', 'left', 'left', 'left', 'left', 'up', 'up', 'up', 'up', 'up', 'up', 'up'], 'green triangle': ['left', 'left', 'up', 'up', 'up', 'up', 'up', 'up', 'up', 'up', 'up', 'right', 'right', 'right'], 'red square': ['left', 'left', 'up', 'up', 'up', 'up', 'up', 'left', 'left'], 'purple square': ['left', 'left', 'up', 'up', 'up', 'right', 'right', 'right']}"
26,"(4, 0)","(4, 7)",green circle,"['triangle', 'circle', 'square', 'green', 'red', 'purple']","{(1, 9): 'green circle', (4, 9): 'purple circle', (8, 6): 'red circle', (2, 8): 'green triangle', (6, 4): 'green square'}",5,R,"{'receiver': ['A1', 'A2', 'A3', 'B1'], 'signaler': [], 'flipped': ['C1']}","{'triangle': 'green triangle', 'circle': 'green circle', 'square': 'green square', 'green': 'green circle', 'red': 'red circle', 'purple': 'purple circle'}","{'green circle': (1, 9), 'purple circle': (4, 9), 'red circle': (8, 6), 'green triangle': (2, 8), 'green square': (6, 4)}","{'up': '(3, 5), (4, 5), (5, 5), (6, 5), (7, 5), (8, 5)', 'down': '(3, 6), (4, 6), (5, 6), (6, 6), (7, 6), (8, 6)', 'left': '', 'right': ''}","{'green circle': [(4, 7), (4, 8), (4, 9), (3, 9), (2, 9), (1, 9)], 'purple circle': [(4, 7), (4, 8), (4, 9)], 'red circle': [(4, 7), (5, 7), (6, 7), (7, 7), (8, 7), (8, 6)], 'green triangle': [(4, 7), (4, 8), (3, 8), (2, 8)], 'green square': [(4, 7), (4, 6), (3, 6), (2, 6), (2, 5), (2, 4), (3, 4), (4, 4), (5, 4), (6, 4)]}","{'green circle': ['up', 'up', 'left', 'left', 'left'], 'purple circle': ['up', 'up'], 'red circle': ['right', 'right', 'right', 'right', 'down'], 'green triangle': ['up', 'left', 'left'], 'green square': ['down', 'left', 'left', 'down', 'down', 'right', 'right', 'right', 'right']}","{'green circle': [(4, 0), (3, 0), (2, 0), (1, 0), (1, 1), (1, 2), (1, 3), (1, 4), (1, 5), (1, 6), (1, 7), (1, 8), (1, 9)], 'purple circle': [(4, 0), (3, 0), (2, 0), (2, 1), (2, 2), (2, 3), (2, 4), (2, 5), (2, 6), (2, 7), (2, 8), (2, 9), (3, 9), (4, 9)], 'red circle': [(4, 0), (3, 0), (2, 0), (2, 1), (2, 2), (2, 3), (2, 4), (2, 5), (2, 6), (3, 6), (4, 6), (5, 6), (6, 6), (7, 6), (8, 6)], 'green triangle': [(4, 0), (3, 0), (2, 0), (2, 1), (2, 2), (2, 3), (2, 4), (2, 5), (2, 6), (2, 7), (2, 8)], 'green square': [(4, 0), (5, 0), (6, 0), (6, 1), (6, 2), (6, 3), (6, 4)]}","{'green circle': ['left', 'left', 'left', 'up', 'up', 'up', 'up', 'up', 'up', 'up', 'up', 'up'], 'purple circle': ['left', 'left', 'up', 'up', 'up', 'up', 'up', 'up', 'up', 'up', 'up', 'right', 'right'], 'red circle': ['left', 'left', 'up', 'up', 'up', 'up', 'up', 'up', 'right', 'right', 'right', 'right', 'right', 'right'], 'green triangle': ['left', 'left', 'up', 'up', 'up', 'up', 'up', 'up', 'up', 'up'], 'green square': ['right', 'right', 'up', 'up', 'up', 'up']}"
27,"(4, 0)","(4, 7)",green circle,"['triangle', 'circle', 'square', 'green', 'red', 'purple']","{(1, 9): 'green circle', (4, 9): 'purple circle', (8, 6): 'red circle', (2, 8): 'green triangle', (6, 4): 'green square'}",5,S,"{'receiver': ['A1', 'A2', 'A3', 'B1'], 'signaler': [], 'flipped': ['C1']}","{'triangle': 'green triangle', 'circle': 'green circle', 'square': 'green square', 'green': 'green circle', 'red': 'red circle', 'purple': 'purple circle'}","{'green circle': (1, 9), 'purple circle': (4, 9), 'red circle': (8, 6), 'green triangle': (2, 8), 'green square': (6, 4)}","{'up': '(3, 2), (4, 2), (5, 2), (6, 2), (7, 2), (8, 2)', 'down': '(3, 3), (4, 3), (5, 3), (6, 3), (7, 3), (8, 3)', 'left': '', 'right': ''}","{'green circle': [(4, 7), (3, 7), (2, 7), (1, 7), (1, 8), (1, 9)], 'purple circle': [(4, 7), (4, 8), (4, 9)], 'red circle': [(4, 7), (5, 7), (6, 7), (7, 7), (8, 7), (8, 6)], 'green triangle': [(4, 7), (3, 7), (2, 7), (2, 8)], 'green square': [(4, 7), (4, 6), (4, 5), (4, 4), (5, 4), (6, 4)]}","{'green circle': ['left', 'left', 'left', 'up', 'up'], 'purple circle': ['up', 'up'], 'red circle': ['right', 'right', 'right', 'right', 'down'], 'green triangle': ['left', 'left', 'up'], 'green square': ['down', 'down', 'down', 'right', 'right']}","{'green circle': [(4, 0), (3, 0), (2, 0), (1, 0), (1, 1), (1, 2), (1, 3), (1, 4), (1, 5), (1, 6), (1, 7), (1, 8), (1, 9)], 'purple circle': [(4, 0), (3, 0), (2, 0), (2, 1), (2, 2), (2, 3), (2, 4), (2, 5), (2, 6), (2, 7), (2, 8), (2, 9), (3, 9), (4, 9)], 'red circle': [(4, 0), (3, 0), (2, 0), (2, 1), (2, 2), (2, 3), (2, 4), (2, 5), (2, 6), (3, 6), (4, 6), (5, 6), (6, 6), (7, 6), (8, 6)], 'green triangle': [(4, 0), (4, 1), (4, 2), (3, 2), (2, 2), (2, 3), (2, 4), (2, 5), (2, 6), (2, 7), (2, 8)], 'green square': [(4, 0), (3, 0), (2, 0), (2, 1), (2, 2), (2, 3), (2, 4), (3, 4), (4, 4), (5, 4), (6, 4)]}","{'green circle': ['left', 'left', 'left', 'up', 'up', 'up', 'up', 'up', 'up', 'up', 'up', 'up'], 'purple circle': ['left', 'left', 'up', 'up', 'up', 'up', 'up', 'up', 'up', 'up', 'up', 'right', 'right'], 'red circle': ['left', 'left', 'up', 'up', 'up', 'up', 'up', 'up', 'right', 'right', 'right', 'right', 'right', 'right'], 'green triangle': ['up', 'up', 'left', 'left', 'up', 'up', 'up', 'up', 'up', 'up'], 'green square': ['left', 'left', 'up', 'up', 'up', 'up', 'right', 'right', 'right', 'right']}"
28,"(4, 0)","(4, 7)",green triangle,"['square', 'triangle', 'circle', 'green', 'purple', 'red']","{(3, 7): 'green triangle', (1, 8): 'red triangle', (4, 9): 'purple triangle', (7, 7): 'green square', (4, 4): 'green circle'}",5,R,"{'receiver': ['A1', 'A2', 'A3', 'B1'], 'signaler': [], 'flipped': ['C1']}","{'square': 'green square', 'triangle': 'green triangle', 'circle': 'green circle', 'green': 'green triangle', 'purple': 'purple triangle', 'red': 'red triangle'}","{'green triangle': (3, 7), 'red triangle': (1, 8), 'purple triangle': (4, 9), 'green square': (7, 7), 'green circle': (4, 4)}","{'up': '(3, 5), (4, 5), (5, 5), (6, 5), (7, 5), (8, 5)', 'down': '(3, 6), (4, 6), (5, 6), (6, 6), (7, 6), (8, 6)', 'left': '', 'right': ''}","{'green triangle': [(4, 7), (3, 7)], 'red triangle': [(4, 7), (4, 8), (3, 8), (2, 8), (1, 8)], 'purple triangle': [(4, 7), (4, 8), (4, 9)], 'green square': [(4, 7), (5, 7), (6, 7), (7, 7)], 'green circle': [(4, 7), (3, 7), (2, 7), (2, 6), (2, 5), (2, 4), (3, 4), (4, 4)]}","{'green triangle': ['left'], 'red triangle': ['up', 'left', 'left', 'left'], 'purple triangle': ['up', 'up'], 'green square': ['right', 'right', 'right'], 'green circle': ['left', 'left', 'down', 'down', 'down', 'right', 'right']}","{'green triangle': [(4, 0), (4, 1), (4, 2), (4, 3), (4, 4), (4, 5), (3, 5), (2, 5), (2, 6), (2, 7), (3, 7)], 'red triangle': [(4, 0), (3, 0), (2, 0), (1, 0), (1, 1), (1, 2), (1, 3), (1, 4), (1, 5), (1, 6), (1, 7), (1, 8)], 'purple triangle': [(4, 0), (4, 1), (4, 2), (4, 3), (4, 4), (4, 5), (3, 5), (2, 5), (2, 6), (2, 7), (2, 8), (2, 9), (3, 9), (4, 9)], 'green square': [(4, 0), (3, 0), (2, 0), (2, 1), (2, 2), (2, 3), (2, 4), (2, 5), (2, 6), (2, 7), (3, 7), (4, 7), (5, 7), (6, 7), (7, 7)], 'green circle': [(4, 0), (4, 1), (4, 2), (4, 3), (4, 4)]}","{'green triangle': ['up', 'up', 'up', 'up', 'up', 'left', 'left', 'up', 'up', 'right'], 'red triangle': ['left', 'left', 'left', 'up', 'up', 'up', 'up', 'up', 'up', 'up', 'up'], 'purple triangle': ['up', 'up', 'up', 'up', 'up', 'left', 'left', 'up', 'up', 'up', 'up', 'right', 'right'], 'green square': ['left', 'left', 'up', 'up', 'up', 'up', 'up', 'up', 'up', 'right', 'right', 'right', 'right', 'right'], 'green circle': ['up', 'up', 'up', 'up']}"
29,"(4, 0)","(4, 7)",green triangle,"['square', 'triangle', 'circle', 'green', 'purple', 'red']","{(3, 7): 'green triangle', (1, 8): 'red triangle', (4, 9): 'purple triangle', (7, 7): 'green square', (4, 4): 'green circle'}",5,S,"{'receiver': ['A1', 'A2', 'A3', 'B1'], 'signaler': [], 'flipped': ['C1']}","{'square': 'green square', 'triangle': 'green triangle', 'circle': 'green circle', 'green': 'green triangle', 'purple': 'purple triangle', 'red': 'red triangle'}","{'green triangle': (3, 7), 'red triangle': (1, 8), 'purple triangle': (4, 9), 'green square': (7, 7), 'green circle': (4, 4)}","{'up': '(3, 2), (4, 2), (5, 2), (6, 2), (7, 2), (8, 2)', 'down': '(3, 3), (4, 3), (5, 3), (6, 3), (7, 3), (8, 3)', 'left': '', 'right': ''}","{'green triangle': [(4, 7), (3, 7)], 'red triangle': [(4, 7), (4, 8), (3, 8), (2, 8), (1, 8)], 'purple triangle': [(4, 7), (4, 8), (4, 9)], 'green square': [(4, 7), (5, 7), (6, 7), (7, 7)], 'green circle': [(4, 7), (4, 6), (4, 5), (4, 4)]}","{'green triangle': ['left'], 'red triangle': ['up', 'left', 'left', 'left'], 'purple triangle': ['up', 'up'], 'green square': ['right', 'right', 'right'], 'green circle': ['down', 'down', 'down']}","{'green triangle': [(4, 0), (4, 1), (4, 2), (3, 2), (2, 2), (2, 3), (2, 4), (2, 5), (2, 6), (2, 7), (3, 7)], 'red triangle': [(4, 0), (4, 1), (4, 2), (3, 2), (2, 2), (1, 2), (1, 3), (1, 4), (1, 5), (1, 6), (1, 7), (1, 8)], 'purple triangle': [(4, 0), (4, 1), (4, 2), (3, 2), (2, 2), (2, 3), (2, 4), (2, 5), (2, 6), (2, 7), (2, 8), (2, 9), (3, 9), (4, 9)], 'green square': [(4, 0), (3, 0), (2, 0), (2, 1), (2, 2), (2, 3), (2, 4), (2, 5), (2, 6), (2, 7), (3, 7), (4, 7), (5, 7), (6, 7), (7, 7)], 'green circle': [(4, 0), (4, 1), (4, 2), (3, 2), (2, 2), (2, 3), (2, 4), (3, 4), (4, 4)]}","{'green triangle': ['up', 'up', 'left', 'left', 'up', 'up', 'up', 'up', 'up', 'right'], 'red triangle': ['up', 'up', 'left', 'left', 'left', 'up', 'up', 'up', 'up', 'up', 'up'], 'purple triangle': ['up', 'up', 'left', 'left', 'up', 'up', 'up', 'up', 'up', 'up', 'up', 'right', 'right'], 'green square': ['left', 'left', 'up', 'up', 'up', 'up', 'up', 'up', 'up', 'right', 'right', 'right', 'right', 'right'], 'green circle': ['up', 'up', 'left', 'left', 'up', 'up', 'right', 'right']}"
30,"(4, 0)","(4, 7)",purple square,"['green', 'purple', 'red', 'square', 'triangle', 'circle']","{(1, 9): 'purple square', (8, 6): 'purple circle', (1, 5): 'purple triangle', (8, 8): 'green square', (4, 4): 'red square'}",5,R,"{'receiver': ['A1', 'A2', 'A3', 'B1'], 'signaler': [], 'flipped': ['C1']}","{'green': 'green square', 'purple': 'purple square', 'red': 'red square', 'square': 'purple square', 'triangle': 'purple triangle', 'circle': 'purple circle'}","{'purple square': (1, 9), 'purple circle': (8, 6), 'purple triangle': (1, 5), 'green square': (8, 8), 'red square': (4, 4)}","{'up': '(3, 5), (4, 5), (5, 5), (6, 5), (7, 5), (8, 5)', 'down': '(3, 6), (4, 6), (5, 6), (6, 6), (7, 6), (8, 6)', 'left': '', 'right': ''}","{'purple square': [(4, 7), (4, 8), (4, 9), (3, 9), (2, 9), (1, 9)], 'purple circle': [(4, 7), (5, 7), (6, 7), (7, 7), (8, 7), (8, 6)], 'purple triangle': [(4, 7), (4, 6), (3, 6), (2, 6), (1, 6), (1, 5)], 'green square': [(4, 7), (4, 8), (5, 8), (6, 8), (7, 8), (8, 8)], 'red square': [(4, 7), (3, 7), (2, 7), (2, 6), (2, 5), (2, 4), (3, 4), (4, 4)]}","{'purple square': ['up', 'up', 'left', 'left', 'left'], 'purple circle': ['right', 'right', 'right', 'right', 'down'], 'purple triangle': ['down', 'left', 'left', 'left', 'down'], 'green square': ['up', 'right', 'right', 'right', 'right'], 'red square': ['left', 'left', 'down', 'down', 'down', 'right', 'right']}","{'purple square': [(4, 0), (3, 0), (2, 0), (1, 0), (1, 1), (1, 2), (1, 3), (1, 4), (1, 5), (1, 6), (1, 7), (1, 8), (1, 9)], 'purple circle': [(4, 0), (3, 0), (2, 0), (2, 1), (2, 2), (2, 3), (2, 4), (2, 5), (2, 6), (3, 6), (4, 6), (5, 6), (6, 6), (7, 6), (8, 6)], 'purple triangle': [(4, 0), (4, 1), (4, 2), (4, 3), (4, 4), (4, 5), (3, 5), (2, 5), (1, 5)], 'green square': [(4, 0), (4, 1), (4, 2), (4, 3), (4, 4), (4, 5), (3, 5), (2, 5), (2, 6), (2, 7), (2, 8), (3, 8), (4, 8), (5, 8), (6, 8), (7, 8), (8, 8)], 'red square': [(4, 0), (4, 1), (4, 2), (4, 3), (4, 4)]}","{'purple square': ['left', 'left', 'left', 'up', 'up', 'up', 'up', 'up', 'up', 'up', 'up', 'up'], 'purple circle': ['left', 'left', 'up', 'up', 'up', 'up', 'up', 'up', 'right', 'right', 'right', 'right', 'right', 'right'], 'purple triangle': ['up', 'up', 'up', 'up', 'up', 'left', 'left', 'left'], 'green square': ['up', 'up', 'up', 'up', 'up', 'left', 'left', 'up', 'up', 'up', 'right', 'right', 'right', 'right', 'right', 'right'], 'red square': ['up', 'up', 'up', 'up']}"
31,"(4, 0)","(4, 7)",purple square,"['green', 'purple', 'red', 'square', 'triangle', 'circle']","{(1, 9): 'purple square', (8, 6): 'purple circle', (1, 5): 'purple triangle', (8, 8): 'green square', (4, 4): 'red square'}",5,S,"{'receiver': ['A1', 'A2', 'A3', 'B1'], 'signaler': [], 'flipped': ['C1']}","{'green': 'green square', 'purple': 'purple square', 'red': 'red square', 'square': 'purple square', 'triangle': 'purple triangle', 'circle': 'purple circle'}","{'purple square': (1, 9), 'purple circle': (8, 6), 'purple triangle': (1, 5), 'green square': (8, 8), 'red square': (4, 4)}","{'up': '(3, 2), (4, 2), (5, 2), (6, 2), (7, 2), (8, 2)', 'down': '(3, 3), (4, 3), (5, 3), (6, 3), (7, 3), (8, 3)', 'left': '', 'right': ''}","{'purple square': [(4, 7), (3, 7), (2, 7), (1, 7), (1, 8), (1, 9)], 'purple circle': [(4, 7), (4, 6), (5, 6), (6, 6), (7, 6), (8, 6)], 'purple triangle': [(4, 7), (4, 6), (4, 5), (3, 5), (2, 5), (1, 5)], 'green square': [(4, 7), (4, 8), (5, 8), (6, 8), (7, 8), (8, 8)], 'red square': [(4, 7), (4, 6), (4, 5), (4, 4)]}","{'purple square': ['left', 'left', 'left', 'up', 'up'], 'purple circle': ['down', 'right', 'right', 'right', 'right'], 'purple triangle': ['down', 'down', 'left', 'left', 'left'], 'green square': ['up', 'right', 'right', 'right', 'right'], 'red square': ['down', 'down', 'down']}","{'purple square': [(4, 0), (4, 1), (4, 2), (3, 2), (2, 2), (1, 2), (1, 3), (1, 4), (1, 5), (1, 6), (1, 7), (1, 8), (1, 9)], 'purple circle': [(4, 0), (4, 1), (4, 2), (3, 2), (2, 2), (2, 3), (2, 4), (2, 5), (2, 6), (3, 6), (4, 6), (5, 6), (6, 6), (7, 6), (8, 6)], 'purple triangle': [(4, 0), (4, 1), (4, 2), (3, 2), (2, 2), (1, 2), (1, 3), (1, 4), (1, 5)], 'green square': [(4, 0), (4, 1), (4, 2), (3, 2), (2, 2), (2, 3), (2, 4), (2, 5), (2, 6), (2, 7), (2, 8), (3, 8), (4, 8), (5, 8), (6, 8), (7, 8), (8, 8)], 'red square': [(4, 0), (4, 1), (4, 2), (3, 2), (2, 2), (2, 3), (2, 4), (3, 4), (4, 4)]}","{'purple square': ['up', 'up', 'left', 'left', 'left', 'up', 'up', 'up', 'up', 'up', 'up', 'up'], 'purple circle': ['up', 'up', 'left', 'left', 'up', 'up', 'up', 'up', 'right', 'right', 'right', 'right', 'right', 'right'], 'purple triangle': ['up', 'up', 'left', 'left', 'left', 'up', 'up', 'up'], 'green square': ['up', 'up', 'left', 'left', 'up', 'up', 'up', 'up', 'up', 'up', 'right', 'right', 'right', 'right', 'right', 'right'], 'red square': ['up', 'up', 'left', 'left', 'up', 'up', 'right', 'right']}"
32,"(4, 0)","(4, 7)",purple square,"['green', 'purple', 'red', 'square', 'circle', 'triangle']","{(0, 9): 'purple square', (4, 6): 'purple triangle', (6, 9): 'purple circle', (8, 7): 'green square', (4, 4): 'red square'}",5,R,"{'receiver': ['A1', 'A2', 'A3', 'B1'], 'signaler': [], 'flipped': ['C1']}","{'green': 'green square', 'purple': 'purple square', 'red': 'red square', 'square': 'purple square', 'circle': 'purple circle', 'triangle': 'purple triangle'}","{'purple square': (0, 9), 'purple triangle': (4, 6), 'purple circle': (6, 9), 'green square': (8, 7), 'red square': (4, 4)}","{'up': '(3, 5), (4, 5), (5, 5), (6, 5), (7, 5), (8, 5)', 'down': '(3, 6), (4, 6), (5, 6), (6, 6), (7, 6), (8, 6)', 'left': '', 'right': ''}","{'purple square': [(4, 7), (4, 8), (4, 9), (3, 9), (2, 9), (1, 9), (0, 9)], 'purple triangle': [(4, 7), (4, 6)], 'purple circle': [(4, 7), (4, 8), (4, 9), (5, 9), (6, 9)], 'green square': [(4, 7), (5, 7), (6, 7), (7, 7), (8, 7)], 'red square': [(4, 7), (3, 7), (2, 7), (2, 6), (2, 5), (2, 4), (3, 4), (4, 4)]}","{'purple square': ['up', 'up', 'left', 'left', 'left', 'left'], 'purple triangle': ['down'], 'purple circle': ['up', 'up', 'right', 'right'], 'green square': ['right', 'right', 'right', 'right'], 'red square': ['left', 'left', 'down', 'down', 'down', 'right', 'right']}","{'purple square': [(4, 0), (3, 0), (2, 0), (1, 0), (0, 0), (0, 1), (0, 2), (0, 3), (0, 4), (0, 5), (0, 6), (0, 7), (0, 8), (0, 9)], 'purple triangle': [(4, 0), (4, 1), (4, 2), (4, 3), (4, 4), (4, 5), (3, 5), (2, 5), (2, 6), (3, 6), (4, 6)], 'purple circle': [(4, 0), (4, 1), (4, 2), (4, 3), (4, 4), (4, 5), (3, 5), (2, 5), (2, 6), (2, 7), (2, 8), (2, 9), (3, 9), (4, 9), (5, 9), (6, 9)], 'green square': [(4, 0), (4, 1), (4, 2), (4, 3), (4, 4), (4, 5), (3, 5), (2, 5), (2, 6), (2, 7), (3, 7), (4, 7), (5, 7), (6, 7), (7, 7), (8, 7)], 'red square': [(4, 0), (4, 1), (4, 2), (4, 3), (4, 4)]}","{'purple square': ['left', 'left', 'left', 'left', 'up', 'up', 'up', 'up', 'up', 'up', 'up', 'up', 'up'], 'purple triangle': ['up', 'up', 'up', 'up', 'up', 'left', 'left', 'up', 'right', 'right'], 'purple circle': ['up', 'up', 'up', 'up', 'up', 'left', 'left', 'up', 'up', 'up', 'up', 'right', 'right', 'right', 'right'], 'green square': ['up', 'up', 'up', 'up', 'up', 'left', 'left', 'up', 'up', 'right', 'right', 'right', 'right', 'right', 'right'], 'red square': ['up', 'up', 'up', 'up']}"
33,"(4, 0)","(4, 7)",purple square,"['green', 'purple', 'red', 'square', 'circle', 'triangle']","{(0, 9): 'purple square', (4, 6): 'purple triangle', (6, 9): 'purple circle', (8, 7): 'green square', (4, 4): 'red square'}",5,S,"{'receiver': ['A1', 'A2', 'A3', 'B1'], 'signaler': [], 'flipped': ['C1']}","{'green': 'green square', 'purple': 'purple square', 'red': 'red square', 'square': 'purple square', 'circle': 'purple circle', 'triangle': 'purple triangle'}","{'purple square': (0, 9), 'purple triangle': (4, 6), 'purple circle': (6, 9), 'green square': (8, 7), 'red square': (4, 4)}","{'up': '(3, 2), (4, 2), (5, 2), (6, 2), (7, 2), (8, 2)', 'down': '(3, 3), (4, 3), (5, 3), (6, 3), (7, 3), (8, 3)', 'left': '', 'right': ''}","{'purple square': [(4, 7), (4, 8), (4, 9), (3, 9), (2, 9), (1, 9), (0, 9)], 'purple triangle': [(4, 7), (4, 6)], 'purple circle': [(4, 7), (5, 7), (6, 7), (6, 8), (6, 9)], 'green square': [(4, 7), (5, 7), (6, 7), (7, 7), (8, 7)], 'red square': [(4, 7), (4, 6), (4, 5), (4, 4)]}","{'purple square': ['up', 'up', 'left', 'left', 'left', 'left'], 'purple triangle': ['down'], 'purple circle': ['right', 'right', 'up', 'up'], 'green square': ['right', 'right', 'right', 'right'], 'red square': ['down', 'down', 'down']}","{'purple square': [(4, 0), (4, 1), (4, 2), (3, 2), (2, 2), (1, 2), (0, 2), (0, 3), (0, 4), (0, 5), (0, 6), (0, 7), (0, 8), (0, 9)], 'purple triangle': [(4, 0), (3, 0), (2, 0), (2, 1), (2, 2), (2, 3), (2, 4), (2, 5), (2, 6), (3, 6), (4, 6)], 'purple circle': [(4, 0), (3, 0), (3, 1), (3, 2), (2, 2), (2, 3), (2, 4), (2, 5), (2, 6), (2, 7), (2, 8), (2, 9), (3, 9), (4, 9), (5, 9), (6, 9)], 'green square': [(4, 0), (4, 1), (4, 2), (3, 2), (2, 2), (2, 3), (2, 4), (2, 5), (2, 6), (2, 7), (3, 7), (4, 7), (5, 7), (6, 7), (7, 7), (8, 7)], 'red square': [(4, 0), (4, 1), (4, 2), (3, 2), (2, 2), (2, 3), (2, 4), (3, 4), (4, 4)]}","{'purple square': ['up', 'up', 'left', 'left', 'left', 'left', 'up', 'up', 'up', 'up', 'up', 'up', 'up'], 'purple triangle': ['left', 'left', 'up', 'up', 'up', 'up', 'up', 'up', 'right', 'right'], 'purple circle': ['left', 'up', 'up', 'left', 'up', 'up', 'up', 'up', 'up', 'up', 'up', 'right', 'right', 'right', 'right'], 'green square': ['up', 'up', 'left', 'left', 'up', 'up', 'up', 'up', 'up', 'right', 'right', 'right', 'right', 'right', 'right'], 'red square': ['up', 'up', 'left', 'left', 'up', 'up', 'right', 'right']}"
34,"(4, 0)","(4, 7)",red triangle,"['circle', 'triangle', 'square', 'red', 'green', 'purple']","{(2, 6): 'red triangle', (1, 9): 'purple triangle', (5, 9): 'green triangle', (0, 7): 'red circle', (6, 3): 'red square'}",5,R,"{'receiver': ['A1', 'A2', 'A3', 'B1'], 'signaler': [], 'flipped': ['C1']}","{'circle': 'red circle', 'triangle': 'red triangle', 'square': 'red square', 'red': 'red triangle', 'green': 'green triangle', 'purple': 'purple triangle'}","{'red triangle': (2, 6), 'purple triangle': (1, 9), 'green triangle': (5, 9), 'red circle': (0, 7), 'red square': (6, 3)}","{'up': '(3, 5), (4, 5), (5, 5), (6, 5), (7, 5), (8, 5)', 'down': '(3, 6), (4, 6), (5, 6), (6, 6), (7, 6), (8, 6)', 'left': '', 'right': ''}","{'red triangle': [(4, 7), (3, 7), (2, 7), (2, 6)], 'purple triangle': [(4, 7), (4, 8), (4, 9), (3, 9), (2, 9), (1, 9)], 'green triangle': [(4, 7), (4, 8), (4, 9), (5, 9)], 'red circle': [(4, 7), (3, 7), (2, 7), (1, 7), (0, 7)], 'red square': [(4, 7), (4, 6), (3, 6), (2, 6), (2, 5), (2, 4), (2, 3), (3, 3), (4, 3), (5, 3), (6, 3)]}","{'red triangle': ['left', 'left', 'down'], 'purple triangle': ['up', 'up', 'left', 'left', 'left'], 'green triangle': ['up', 'up', 'right'], 'red circle': ['left', 'left', 'left', 'left'], 'red square': ['down', 'left', 'left', 'down', 'down', 'down', 'right', 'right', 'right', 'right']}","{'red triangle': [(4, 0), (4, 1), (4, 2), (4, 3), (4, 4), (4, 5), (3, 5), (2, 5), (2, 6)], 'purple triangle': [(4, 0), (3, 0), (2, 0), (1, 0), (1, 1), (1, 2), (1, 3), (1, 4), (1, 5), (1, 6), (1, 7), (1, 8), (1, 9)], 'green triangle': [(4, 0), (3, 0), (2, 0), (2, 1), (2, 2), (2, 3), (2, 4), (2, 5), (2, 6), (2, 7), (2, 8), (2, 9), (3, 9), (4, 9), (5, 9)], 'red circle': [(4, 0), (3, 0), (2, 0), (1, 0), (0, 0), (0, 1), (0, 2), (0, 3), (0, 4), (0, 5), (0, 6), (0, 7)], 'red square': [(4, 0), (5, 0), (6, 0), (6, 1), (6, 2), (6, 3)]}","{'red triangle': ['up', 'up', 'up', 'up', 'up', 'left', 'left', 'up'], 'purple triangle': ['left', 'left', 'left', 'up', 'up', 'up', 'up', 'up', 'up', 'up', 'up', 'up'], 'green triangle': ['left', 'left', 'up', 'up', 'up', 'up', 'up', 'up', 'up', 'up', 'up', 'right', 'right', 'right'], 'red circle': ['left', 'left', 'left', 'left', 'up', 'up', 'up', 'up', 'up', 'up', 'up'], 'red square': ['right', 'right', 'up', 'up', 'up']}"
35,"(4, 0)","(4, 7)",red triangle,"['circle', 'triangle', 'square', 'red', 'green', 'purple']","{(2, 6): 'red triangle', (1, 9): 'purple triangle', (5, 9): 'green triangle', (0, 7): 'red circle', (6, 3): 'red square'}",5,S,"{'receiver': ['A1', 'A2', 'A3', 'B1'], 'signaler': [], 'flipped': ['C1']}","{'circle': 'red circle', 'triangle': 'red triangle', 'square': 'red square', 'red': 'red triangle', 'green': 'green triangle', 'purple': 'purple triangle'}","{'red triangle': (2, 6), 'purple triangle': (1, 9), 'green triangle': (5, 9), 'red circle': (0, 7), 'red square': (6, 3)}","{'up': '(3, 2), (4, 2), (5, 2), (6, 2), (7, 2), (8, 2)', 'down': '(3, 3), (4, 3), (5, 3), (6, 3), (7, 3), (8, 3)', 'left': '', 'right': ''}","{'red triangle': [(4, 7), (3, 7), (2, 7), (2, 6)], 'purple triangle': [(4, 7), (4, 8), (4, 9), (3, 9), (2, 9), (1, 9)], 'green triangle': [(4, 7), (5, 7), (5, 8), (5, 9)], 'red circle': [(4, 7), (3, 7), (2, 7), (1, 7), (0, 7)], 'red square': [(4, 7), (5, 7), (6, 7), (6, 6), (6, 5), (6, 4), (6, 3)]}","{'red triangle': ['left', 'left', 'down'], 'purple triangle': ['up', 'up', 'left', 'left', 'left'], 'green triangle': ['right', 'up', 'up'], 'red circle': ['left', 'left', 'left', 'left'], 'red square': ['right', 'right', 'down', 'down', 'down', 'down']}","{'red triangle': [(4, 0), (4, 1), (4, 2), (3, 2), (2, 2), (2, 3), (2, 4), (2, 5), (2, 6)], 'purple triangle': [(4, 0), (4, 1), (4, 2), (3, 2), (2, 2), (1, 2), (1, 3), (1, 4), (1, 5), (1, 6), (1, 7), (1, 8), (1, 9)], 'green triangle': [(4, 0), (4, 1), (4, 2), (3, 2), (2, 2), (2, 3), (2, 4), (2, 5), (2, 6), (2, 7), (2, 8), (2, 9), (3, 9), (4, 9), (5, 9)], 'red circle': [(4, 0), (3, 0), (2, 0), (1, 0), (0, 0), (0, 1), (0, 2), (0, 3), (0, 4), (0, 5), (0, 6), (0, 7)], 'red square': [(4, 0), (4, 1), (4, 2), (3, 2), (2, 2), (2, 3), (3, 3), (4, 3), (5, 3), (6, 3)]}","{'red triangle': ['up', 'up', 'left', 'left', 'up', 'up', 'up', 'up'], 'purple triangle': ['up', 'up', 'left', 'left', 'left', 'up', 'up', 'up', 'up', 'up', 'up', 'up'], 'green triangle': ['up', 'up', 'left', 'left', 'up', 'up', 'up', 'up', 'up', 'up', 'up', 'right', 'right', 'right'], 'red circle': ['left', 'left', 'left', 'left', 'up', 'up', 'up', 'up', 'up', 'up', 'up'], 'red square': ['up', 'up', 'left', 'left', 'up', 'right', 'right', 'right', 'right']}"
