,signalerLocation,receiverLocation,intention,signalSpace,targetDictionary,nTargets,barrier,abstractSetup,receiverIntentionDict,revTargetDict,barrierDict,recTraj,recActSeq,sigTraj,sigActSeq,predSignalNoActionUtility
0,"(4, 0)","(4, 7)",orange square,"['square', 'triangle', 'circle', 'green', 'orange', 'purple']","{(4, 2): 'purple triangle', (7, 0): 'purple circle', (6, 8): 'green square', (3, 8): 'green circle', (6, 4): 'orange square'}",5,R,"{'receiver': ['A1', 'B1'], 'signaler': ['C3', 'B3'], 'flipped': ['A2']}","{'square': 'green square', 'triangle': 'purple triangle', 'circle': 'green circle', 'green': 'green square', 'orange': 'orange square', 'purple': 'purple triangle'}","{'purple triangle': (4, 2), 'purple circle': (7, 0), 'green square': (6, 8), 'green circle': (3, 8), 'orange square': (6, 4)}","{'up': '(3, 5), (4, 5), (5, 5), (6, 5), (7, 5), (8, 5)', 'down': '(3, 6), (4, 6), (5, 6), (6, 6), (7, 6), (8, 6)', 'left': '', 'right': ''}","{'purple triangle': [(4, 7), (3, 7), (2, 7), (2, 6), (2, 5), (2, 4), (2, 3), (2, 2), (3, 2), (4, 2)], 'purple circle': [(4, 7), (4, 6), (3, 6), (2, 6), (2, 5), (3, 5), (4, 5), (5, 5), (6, 5), (7, 5), (7, 4), (7, 3), (7, 2), (7, 1), (7, 0)], 'green square': [(4, 7), (4, 8), (5, 8), (6, 8)], 'green circle': [(4, 7), (3, 7), (3, 8)], 'orange square': [(4, 7), (3, 7), (2, 7), (2, 6), (2, 5), (2, 4), (3, 4), (4, 4), (5, 4), (6, 4)]}","{'purple triangle': ['left', 'left', 'down', 'down', 'down', 'down', 'down', 'right', 'right'], 'purple circle': ['down', 'left', 'left', 'down', 'right', 'right', 'right', 'right', 'right', 'down', 'down', 'down', 'down', 'down'], 'green square': ['up', 'right', 'right'], 'green circle': ['left', 'up'], 'orange square': ['left', 'left', 'down', 'down', 'down', 'right', 'right', 'right', 'right']}","{'purple triangle': [(4, 0), (4, 1), (4, 2)], 'purple circle': [(4, 0), (5, 0), (6, 0), (7, 0)], 'green square': [(4, 0), (4, 1), (4, 2), (4, 3), (4, 4), (4, 5), (3, 5), (2, 5), (2, 6), (2, 7), (2, 8), (3, 8), (4, 8), (5, 8), (6, 8)], 'green circle': [(4, 0), (4, 1), (4, 2), (4, 3), (4, 4), (4, 5), (3, 5), (2, 5), (2, 6), (2, 7), (2, 8), (3, 8)], 'orange square': [(4, 0), (4, 1), (4, 2), (4, 3), (4, 4), (5, 4), (6, 4)]}","{'purple triangle': ['up', 'up'], 'purple circle': ['right', 'right', 'right'], 'green square': ['up', 'up', 'up', 'up', 'up', 'left', 'left', 'up', 'up', 'up', 'right', 'right', 'right', 'right'], 'green circle': ['up', 'up', 'up', 'up', 'up', 'left', 'left', 'up', 'up', 'up', 'right'], 'orange square': ['up', 'up', 'up', 'up', 'right', 'right']}",do
1,"(4, 0)","(4, 7)",orange square,"['square', 'triangle', 'circle', 'green', 'orange', 'purple']","{(4, 2): 'purple triangle', (7, 0): 'purple circle', (6, 8): 'green square', (3, 8): 'green circle', (6, 4): 'orange square'}",5,S,"{'receiver': ['A1', 'B1'], 'signaler': ['C3', 'B3'], 'flipped': ['A2']}","{'square': 'green square', 'triangle': 'purple triangle', 'circle': 'green circle', 'green': 'green square', 'orange': 'orange square', 'purple': 'purple triangle'}","{'purple triangle': (4, 2), 'purple circle': (7, 0), 'green square': (6, 8), 'green circle': (3, 8), 'orange square': (6, 4)}","{'up': '(3, 2), (4, 2), (5, 2), (6, 2), (7, 2), (8, 2)', 'down': '(3, 3), (4, 3), (5, 3), (6, 3), (7, 3), (8, 3)', 'left': '', 'right': ''}","{'purple triangle': [(4, 7), (4, 6), (4, 5), (4, 4), (4, 3), (3, 3), (2, 3), (2, 2), (3, 2), (4, 2)], 'purple circle': [(4, 7), (3, 7), (2, 7), (2, 6), (2, 5), (2, 4), (2, 3), (2, 2), (3, 2), (4, 2), (5, 2), (6, 2), (7, 2), (7, 1), (7, 0)], 'green square': [(4, 7), (4, 8), (5, 8), (6, 8)], 'green circle': [(4, 7), (4, 8), (3, 8)], 'orange square': [(4, 7), (4, 6), (4, 5), (4, 4), (5, 4), (6, 4)]}","{'purple triangle': ['down', 'down', 'down', 'down', 'left', 'left', 'down', 'right', 'right'], 'purple circle': ['left', 'left', 'down', 'down', 'down', 'down', 'down', 'right', 'right', 'right', 'right', 'right', 'down', 'down'], 'green square': ['up', 'right', 'right'], 'green circle': ['up', 'left'], 'orange square': ['down', 'down', 'down', 'right', 'right']}","{'purple triangle': [(4, 0), (4, 1), (4, 2)], 'purple circle': [(4, 0), (5, 0), (6, 0), (7, 0)], 'green square': [(4, 0), (4, 1), (4, 2), (3, 2), (2, 2), (2, 3), (2, 4), (2, 5), (2, 6), (2, 7), (2, 8), (3, 8), (4, 8), (5, 8), (6, 8)], 'green circle': [(4, 0), (4, 1), (4, 2), (3, 2), (2, 2), (2, 3), (2, 4), (2, 5), (2, 6), (2, 7), (2, 8), (3, 8)], 'orange square': [(4, 0), (3, 0), (2, 0), (2, 1), (2, 2), (2, 3), (2, 4), (3, 4), (4, 4), (5, 4), (6, 4)]}","{'purple triangle': ['up', 'up'], 'purple circle': ['right', 'right', 'right'], 'green square': ['up', 'up', 'left', 'left', 'up', 'up', 'up', 'up', 'up', 'up', 'right', 'right', 'right', 'right'], 'green circle': ['up', 'up', 'left', 'left', 'up', 'up', 'up', 'up', 'up', 'up', 'right'], 'orange square': ['left', 'left', 'up', 'up', 'up', 'up', 'right', 'right', 'right', 'right']}",orange
2,"(4, 0)","(4, 7)",green triangle,"['triangle', 'circle', 'square', 'purple', 'green', 'orange']","{(4, 2): 'orange circle', (3, 1): 'orange square', (5, 6): 'purple triangle', (4, 8): 'purple square', (4, 4): 'green triangle'}",5,R,"{'receiver': ['A1', 'B1'], 'signaler': ['C3', 'B3'], 'flipped': ['A2']}","{'triangle': 'purple triangle', 'circle': 'orange circle', 'square': 'purple square', 'purple': 'purple triangle', 'green': 'green triangle', 'orange': 'orange square'}","{'orange circle': (4, 2), 'orange square': (3, 1), 'purple triangle': (5, 6), 'purple square': (4, 8), 'green triangle': (4, 4)}","{'up': '(3, 5), (4, 5), (5, 5), (6, 5), (7, 5), (8, 5)', 'down': '(3, 6), (4, 6), (5, 6), (6, 6), (7, 6), (8, 6)', 'left': '', 'right': ''}","{'orange circle': [(4, 7), (3, 7), (2, 7), (2, 6), (2, 5), (2, 4), (2, 3), (2, 2), (3, 2), (4, 2)], 'orange square': [(4, 7), (3, 7), (2, 7), (2, 6), (2, 5), (2, 4), (2, 3), (2, 2), (2, 1), (3, 1)], 'purple triangle': [(4, 7), (5, 7), (5, 6)], 'purple square': [(4, 7), (4, 8)], 'green triangle': [(4, 7), (4, 6), (3, 6), (2, 6), (2, 5), (2, 4), (3, 4), (4, 4)]}","{'orange circle': ['left', 'left', 'down', 'down', 'down', 'down', 'down', 'right', 'right'], 'orange square': ['left', 'left', 'down', 'down', 'down', 'down', 'down', 'down', 'right'], 'purple triangle': ['right', 'down'], 'purple square': ['up'], 'green triangle': ['down', 'left', 'left', 'down', 'down', 'right', 'right']}","{'orange circle': [(4, 0), (4, 1), (4, 2)], 'orange square': [(4, 0), (4, 1), (3, 1)], 'purple triangle': [(4, 0), (4, 1), (4, 2), (4, 3), (4, 4), (4, 5), (3, 5), (2, 5), (2, 6), (3, 6), (4, 6), (5, 6)], 'purple square': [(4, 0), (3, 0), (2, 0), (2, 1), (2, 2), (2, 3), (2, 4), (2, 5), (2, 6), (2, 7), (2, 8), (3, 8), (4, 8)], 'green triangle': [(4, 0), (4, 1), (4, 2), (4, 3), (4, 4)]}","{'orange circle': ['up', 'up'], 'orange square': ['up', 'left'], 'purple triangle': ['up', 'up', 'up', 'up', 'up', 'left', 'left', 'up', 'right', 'right', 'right'], 'purple square': ['left', 'left', 'up', 'up', 'up', 'up', 'up', 'up', 'up', 'up', 'right', 'right'], 'green triangle': ['up', 'up', 'up', 'up']}",do
3,"(4, 0)","(4, 7)",green triangle,"['triangle', 'circle', 'square', 'purple', 'green', 'orange']","{(4, 2): 'orange circle', (3, 1): 'orange square', (5, 6): 'purple triangle', (4, 8): 'purple square', (4, 4): 'green triangle'}",5,S,"{'receiver': ['A1', 'B1'], 'signaler': ['C3', 'B3'], 'flipped': ['A2']}","{'triangle': 'purple triangle', 'circle': 'orange circle', 'square': 'purple square', 'purple': 'purple triangle', 'green': 'green triangle', 'orange': 'orange square'}","{'orange circle': (4, 2), 'orange square': (3, 1), 'purple triangle': (5, 6), 'purple square': (4, 8), 'green triangle': (4, 4)}","{'up': '(3, 2), (4, 2), (5, 2), (6, 2), (7, 2), (8, 2)', 'down': '(3, 3), (4, 3), (5, 3), (6, 3), (7, 3), (8, 3)', 'left': '', 'right': ''}","{'orange circle': [(4, 7), (4, 6), (4, 5), (4, 4), (4, 3), (3, 3), (2, 3), (2, 2), (3, 2), (4, 2)], 'orange square': [(4, 7), (3, 7), (2, 7), (2, 6), (2, 5), (2, 4), (2, 3), (2, 2), (2, 1), (3, 1)], 'purple triangle': [(4, 7), (5, 7), (5, 6)], 'purple square': [(4, 7), (4, 8)], 'green triangle': [(4, 7), (4, 6), (4, 5), (4, 4)]}","{'orange circle': ['down', 'down', 'down', 'down', 'left', 'left', 'down', 'right', 'right'], 'orange square': ['left', 'left', 'down', 'down', 'down', 'down', 'down', 'down', 'right'], 'purple triangle': ['right', 'down'], 'purple square': ['up'], 'green triangle': ['down', 'down', 'down']}","{'orange circle': [(4, 0), (4, 1), (4, 2)], 'orange square': [(4, 0), (4, 1), (3, 1)], 'purple triangle': [(4, 0), (4, 1), (4, 2), (3, 2), (2, 2), (2, 3), (2, 4), (2, 5), (2, 6), (3, 6), (4, 6), (5, 6)], 'purple square': [(4, 0), (3, 0), (2, 0), (2, 1), (2, 2), (2, 3), (2, 4), (2, 5), (2, 6), (2, 7), (2, 8), (3, 8), (4, 8)], 'green triangle': [(4, 0), (4, 1), (4, 2), (3, 2), (2, 2), (2, 3), (2, 4), (3, 4), (4, 4)]}","{'orange circle': ['up', 'up'], 'orange square': ['up', 'left'], 'purple triangle': ['up', 'up', 'left', 'left', 'up', 'up', 'up', 'up', 'right', 'right', 'right'], 'purple square': ['left', 'left', 'up', 'up', 'up', 'up', 'up', 'up', 'up', 'up', 'right', 'right'], 'green triangle': ['up', 'up', 'left', 'left', 'up', 'up', 'right', 'right']}",green
4,"(4, 0)","(4, 7)",purple triangle,"['purple', 'green', 'orange', 'circle', 'triangle', 'square']","{(1, 1): 'green square', (3, 0): 'orange square', (8, 6): 'purple circle', (2, 6): 'orange circle', (6, 4): 'purple triangle'}",5,R,"{'receiver': ['A1', 'B1'], 'signaler': ['C3', 'B3'], 'flipped': ['A2']}","{'purple': 'purple circle', 'green': 'green square', 'orange': 'orange circle', 'circle': 'purple circle', 'triangle': 'purple triangle', 'square': 'green square'}","{'green square': (1, 1), 'orange square': (3, 0), 'purple circle': (8, 6), 'orange circle': (2, 6), 'purple triangle': (6, 4)}","{'up': '(3, 5), (4, 5), (5, 5), (6, 5), (7, 5), (8, 5)', 'down': '(3, 6), (4, 6), (5, 6), (6, 6), (7, 6), (8, 6)', 'left': '', 'right': ''}","{'green square': [(4, 7), (4, 6), (3, 6), (2, 6), (1, 6), (1, 5), (1, 4), (1, 3), (1, 2), (1, 1)], 'orange square': [(4, 7), (3, 7), (2, 7), (2, 6), (2, 5), (2, 4), (2, 3), (2, 2), (2, 1), (2, 0), (3, 0)], 'purple circle': [(4, 7), (4, 6), (5, 6), (6, 6), (7, 6), (8, 6)], 'orange circle': [(4, 7), (4, 6), (3, 6), (2, 6)], 'purple triangle': [(4, 7), (3, 7), (2, 7), (2, 6), (2, 5), (2, 4), (3, 4), (4, 4), (5, 4), (6, 4)]}","{'green square': ['down', 'left', 'left', 'left', 'down', 'down', 'down', 'down', 'down'], 'orange square': ['left', 'left', 'down', 'down', 'down', 'down', 'down', 'down', 'down', 'right'], 'purple circle': ['down', 'right', 'right', 'right', 'right'], 'orange circle': ['down', 'left', 'left'], 'purple triangle': ['left', 'left', 'down', 'down', 'down', 'right', 'right', 'right', 'right']}","{'green square': [(4, 0), (4, 1), (3, 1), (2, 1), (1, 1)], 'orange square': [(4, 0), (3, 0)], 'purple circle': [(4, 0), (4, 1), (4, 2), (4, 3), (4, 4), (4, 5), (3, 5), (2, 5), (2, 6), (3, 6), (4, 6), (5, 6), (6, 6), (7, 6), (8, 6)], 'orange circle': [(4, 0), (4, 1), (4, 2), (4, 3), (4, 4), (4, 5), (3, 5), (2, 5), (2, 6)], 'purple triangle': [(4, 0), (4, 1), (4, 2), (4, 3), (4, 4), (5, 4), (6, 4)]}","{'green square': ['up', 'left', 'left', 'left'], 'orange square': ['left'], 'purple circle': ['up', 'up', 'up', 'up', 'up', 'left', 'left', 'up', 'right', 'right', 'right', 'right', 'right', 'right'], 'orange circle': ['up', 'up', 'up', 'up', 'up', 'left', 'left', 'up'], 'purple triangle': ['up', 'up', 'up', 'up', 'right', 'right']}",do
5,"(4, 0)","(4, 7)",purple triangle,"['purple', 'green', 'orange', 'circle', 'triangle', 'square']","{(1, 1): 'green square', (3, 0): 'orange square', (8, 6): 'purple circle', (2, 6): 'orange circle', (6, 4): 'purple triangle'}",5,S,"{'receiver': ['A1', 'B1'], 'signaler': ['C3', 'B3'], 'flipped': ['A2']}","{'purple': 'purple circle', 'green': 'green square', 'orange': 'orange circle', 'circle': 'purple circle', 'triangle': 'purple triangle', 'square': 'green square'}","{'green square': (1, 1), 'orange square': (3, 0), 'purple circle': (8, 6), 'orange circle': (2, 6), 'purple triangle': (6, 4)}","{'up': '(3, 2), (4, 2), (5, 2), (6, 2), (7, 2), (8, 2)', 'down': '(3, 3), (4, 3), (5, 3), (6, 3), (7, 3), (8, 3)', 'left': '', 'right': ''}","{'green square': [(4, 7), (3, 7), (2, 7), (1, 7), (1, 6), (1, 5), (1, 4), (1, 3), (1, 2), (1, 1)], 'orange square': [(4, 7), (4, 6), (4, 5), (4, 4), (4, 3), (3, 3), (2, 3), (2, 2), (2, 1), (2, 0), (3, 0)], 'purple circle': [(4, 7), (5, 7), (6, 7), (7, 7), (8, 7), (8, 6)], 'orange circle': [(4, 7), (3, 7), (2, 7), (2, 6)], 'purple triangle': [(4, 7), (5, 7), (6, 7), (6, 6), (6, 5), (6, 4)]}","{'green square': ['left', 'left', 'left', 'down', 'down', 'down', 'down', 'down', 'down'], 'orange square': ['down', 'down', 'down', 'down', 'left', 'left', 'down', 'down', 'down', 'right'], 'purple circle': ['right', 'right', 'right', 'right', 'down'], 'orange circle': ['left', 'left', 'down'], 'purple triangle': ['right', 'right', 'down', 'down', 'down']}","{'green square': [(4, 0), (3, 0), (2, 0), (1, 0), (1, 1)], 'orange square': [(4, 0), (3, 0)], 'purple circle': [(4, 0), (4, 1), (4, 2), (3, 2), (2, 2), (2, 3), (2, 4), (2, 5), (2, 6), (3, 6), (4, 6), (5, 6), (6, 6), (7, 6), (8, 6)], 'orange circle': [(4, 0), (4, 1), (4, 2), (3, 2), (2, 2), (2, 3), (2, 4), (2, 5), (2, 6)], 'purple triangle': [(4, 0), (3, 0), (2, 0), (2, 1), (2, 2), (2, 3), (2, 4), (3, 4), (4, 4), (5, 4), (6, 4)]}","{'green square': ['left', 'left', 'left', 'up'], 'orange square': ['left'], 'purple circle': ['up', 'up', 'left', 'left', 'up', 'up', 'up', 'up', 'right', 'right', 'right', 'right', 'right', 'right'], 'orange circle': ['up', 'up', 'left', 'left', 'up', 'up', 'up', 'up'], 'purple triangle': ['left', 'left', 'up', 'up', 'up', 'up', 'right', 'right', 'right', 'right']}",triangle
6,"(4, 0)","(4, 7)",green circle,"['circle', 'triangle', 'square', 'orange', 'green', 'purple']","{(7, 0): 'purple triangle', (2, 0): 'purple square', (8, 7): 'orange circle', (7, 7): 'orange square', (4, 3): 'green circle'}",5,R,"{'receiver': ['A1', 'B1'], 'signaler': ['C3', 'B3'], 'flipped': ['A2']}","{'circle': 'orange circle', 'triangle': 'purple triangle', 'square': 'orange square', 'orange': 'orange circle', 'green': 'green circle', 'purple': 'purple square'}","{'purple triangle': (7, 0), 'purple square': (2, 0), 'orange circle': (8, 7), 'orange square': (7, 7), 'green circle': (4, 3)}","{'up': '(3, 5), (4, 5), (5, 5), (6, 5), (7, 5), (8, 5)', 'down': '(3, 6), (4, 6), (5, 6), (6, 6), (7, 6), (8, 6)', 'left': '', 'right': ''}","{'purple triangle': [(4, 7), (4, 6), (3, 6), (2, 6), (2, 5), (3, 5), (4, 5), (5, 5), (6, 5), (7, 5), (7, 4), (7, 3), (7, 2), (7, 1), (7, 0)], 'purple square': [(4, 7), (4, 6), (3, 6), (2, 6), (2, 5), (2, 4), (2, 3), (2, 2), (2, 1), (2, 0)], 'orange circle': [(4, 7), (5, 7), (6, 7), (7, 7), (8, 7)], 'orange square': [(4, 7), (5, 7), (6, 7), (7, 7)], 'green circle': [(4, 7), (4, 6), (3, 6), (2, 6), (2, 5), (2, 4), (2, 3), (3, 3), (4, 3)]}","{'purple triangle': ['down', 'left', 'left', 'down', 'right', 'right', 'right', 'right', 'right', 'down', 'down', 'down', 'down', 'down'], 'purple square': ['down', 'left', 'left', 'down', 'down', 'down', 'down', 'down', 'down'], 'orange circle': ['right', 'right', 'right', 'right'], 'orange square': ['right', 'right', 'right'], 'green circle': ['down', 'left', 'left', 'down', 'down', 'down', 'right', 'right']}","{'purple triangle': [(4, 0), (5, 0), (6, 0), (7, 0)], 'purple square': [(4, 0), (3, 0), (2, 0)], 'orange circle': [(4, 0), (4, 1), (4, 2), (4, 3), (4, 4), (4, 5), (3, 5), (2, 5), (2, 6), (2, 7), (3, 7), (4, 7), (5, 7), (6, 7), (7, 7), (8, 7)], 'orange square': [(4, 0), (4, 1), (4, 2), (4, 3), (4, 4), (4, 5), (3, 5), (2, 5), (2, 6), (2, 7), (3, 7), (4, 7), (5, 7), (6, 7), (7, 7)], 'green circle': [(4, 0), (4, 1), (4, 2), (4, 3)]}","{'purple triangle': ['right', 'right', 'right'], 'purple square': ['left', 'left'], 'orange circle': ['up', 'up', 'up', 'up', 'up', 'left', 'left', 'up', 'up', 'right', 'right', 'right', 'right', 'right', 'right'], 'orange square': ['up', 'up', 'up', 'up', 'up', 'left', 'left', 'up', 'up', 'right', 'right', 'right', 'right', 'right'], 'green circle': ['up', 'up', 'up']}",do
7,"(4, 0)","(4, 7)",green circle,"['circle', 'triangle', 'square', 'orange', 'green', 'purple']","{(7, 0): 'purple triangle', (2, 0): 'purple square', (8, 7): 'orange circle', (7, 7): 'orange square', (4, 3): 'green circle'}",5,S,"{'receiver': ['A1', 'B1'], 'signaler': ['C3', 'B3'], 'flipped': ['A2']}","{'circle': 'orange circle', 'triangle': 'purple triangle', 'square': 'orange square', 'orange': 'orange circle', 'green': 'green circle', 'purple': 'purple square'}","{'purple triangle': (7, 0), 'purple square': (2, 0), 'orange circle': (8, 7), 'orange square': (7, 7), 'green circle': (4, 3)}","{'up': '(3, 2), (4, 2), (5, 2), (6, 2), (7, 2), (8, 2)', 'down': '(3, 3), (4, 3), (5, 3), (6, 3), (7, 3), (8, 3)', 'left': '', 'right': ''}","{'purple triangle': [(4, 7), (3, 7), (2, 7), (2, 6), (2, 5), (2, 4), (2, 3), (2, 2), (3, 2), (4, 2), (5, 2), (6, 2), (7, 2), (7, 1), (7, 0)], 'purple square': [(4, 7), (3, 7), (2, 7), (2, 6), (2, 5), (2, 4), (2, 3), (2, 2), (2, 1), (2, 0)], 'orange circle': [(4, 7), (5, 7), (6, 7), (7, 7), (8, 7)], 'orange square': [(4, 7), (5, 7), (6, 7), (7, 7)], 'green circle': [(4, 7), (4, 6), (4, 5), (4, 4), (4, 3)]}","{'purple triangle': ['left', 'left', 'down', 'down', 'down', 'down', 'down', 'right', 'right', 'right', 'right', 'right', 'down', 'down'], 'purple square': ['left', 'left', 'down', 'down', 'down', 'down', 'down', 'down', 'down'], 'orange circle': ['right', 'right', 'right', 'right'], 'orange square': ['right', 'right', 'right'], 'green circle': ['down', 'down', 'down', 'down']}","{'purple triangle': [(4, 0), (5, 0), (6, 0), (7, 0)], 'purple square': [(4, 0), (3, 0), (2, 0)], 'orange circle': [(4, 0), (4, 1), (4, 2), (3, 2), (2, 2), (2, 3), (2, 4), (2, 5), (2, 6), (2, 7), (3, 7), (4, 7), (5, 7), (6, 7), (7, 7), (8, 7)], 'orange square': [(4, 0), (4, 1), (4, 2), (3, 2), (2, 2), (2, 3), (2, 4), (2, 5), (2, 6), (2, 7), (3, 7), (4, 7), (5, 7), (6, 7), (7, 7)], 'green circle': [(4, 0), (4, 1), (4, 2), (3, 2), (2, 2), (2, 3), (3, 3), (4, 3)]}","{'purple triangle': ['right', 'right', 'right'], 'purple square': ['left', 'left'], 'orange circle': ['up', 'up', 'left', 'left', 'up', 'up', 'up', 'up', 'up', 'right', 'right', 'right', 'right', 'right', 'right'], 'orange square': ['up', 'up', 'left', 'left', 'up', 'up', 'up', 'up', 'up', 'right', 'right', 'right', 'right', 'right'], 'green circle': ['up', 'up', 'left', 'left', 'up', 'right', 'right']}",green
8,"(4, 0)","(4, 7)",purple square,"['purple', 'green', 'orange', 'circle', 'square', 'triangle']","{(0, 1): 'green triangle', (4, 2): 'orange triangle', (2, 5): 'purple circle', (1, 7): 'orange circle', (6, 3): 'purple square'}",5,R,"{'receiver': ['A1', 'B1'], 'signaler': ['C3', 'B3'], 'flipped': ['A2']}","{'purple': 'purple circle', 'green': 'green triangle', 'orange': 'orange circle', 'circle': 'purple circle', 'square': 'purple square', 'triangle': 'green triangle'}","{'green triangle': (0, 1), 'orange triangle': (4, 2), 'purple circle': (2, 5), 'orange circle': (1, 7), 'purple square': (6, 3)}","{'up': '(3, 5), (4, 5), (5, 5), (6, 5), (7, 5), (8, 5)', 'down': '(3, 6), (4, 6), (5, 6), (6, 6), (7, 6), (8, 6)', 'left': '', 'right': ''}","{'green triangle': [(4, 7), (3, 7), (2, 7), (1, 7), (0, 7), (0, 6), (0, 5), (0, 4), (0, 3), (0, 2), (0, 1)], 'orange triangle': [(4, 7), (3, 7), (2, 7), (2, 6), (2, 5), (2, 4), (2, 3), (2, 2), (3, 2), (4, 2)], 'purple circle': [(4, 7), (4, 6), (3, 6), (2, 6), (2, 5)], 'orange circle': [(4, 7), (3, 7), (2, 7), (1, 7)], 'purple square': [(4, 7), (3, 7), (2, 7), (2, 6), (2, 5), (2, 4), (2, 3), (3, 3), (4, 3), (5, 3), (6, 3)]}","{'green triangle': ['left', 'left', 'left', 'left', 'down', 'down', 'down', 'down', 'down', 'down'], 'orange triangle': ['left', 'left', 'down', 'down', 'down', 'down', 'down', 'right', 'right'], 'purple circle': ['down', 'left', 'left', 'down'], 'orange circle': ['left', 'left', 'left'], 'purple square': ['left', 'left', 'down', 'down', 'down', 'down', 'right', 'right', 'right', 'right']}","{'green triangle': [(4, 0), (3, 0), (2, 0), (1, 0), (0, 0), (0, 1)], 'orange triangle': [(4, 0), (4, 1), (4, 2)], 'purple circle': [(4, 0), (4, 1), (4, 2), (4, 3), (4, 4), (4, 5), (3, 5), (2, 5)], 'orange circle': [(4, 0), (3, 0), (2, 0), (1, 0), (1, 1), (1, 2), (1, 3), (1, 4), (1, 5), (1, 6), (1, 7)], 'purple square': [(4, 0), (5, 0), (6, 0), (6, 1), (6, 2), (6, 3)]}","{'green triangle': ['left', 'left', 'left', 'left', 'up'], 'orange triangle': ['up', 'up'], 'purple circle': ['up', 'up', 'up', 'up', 'up', 'left', 'left'], 'orange circle': ['left', 'left', 'left', 'up', 'up', 'up', 'up', 'up', 'up', 'up'], 'purple square': ['right', 'right', 'up', 'up', 'up']}",do
9,"(4, 0)","(4, 7)",purple square,"['purple', 'green', 'orange', 'circle', 'square', 'triangle']","{(0, 1): 'green triangle', (4, 2): 'orange triangle', (2, 5): 'purple circle', (1, 7): 'orange circle', (6, 3): 'purple square'}",5,S,"{'receiver': ['A1', 'B1'], 'signaler': ['C3', 'B3'], 'flipped': ['A2']}","{'purple': 'purple circle', 'green': 'green triangle', 'orange': 'orange circle', 'circle': 'purple circle', 'square': 'purple square', 'triangle': 'green triangle'}","{'green triangle': (0, 1), 'orange triangle': (4, 2), 'purple circle': (2, 5), 'orange circle': (1, 7), 'purple square': (6, 3)}","{'up': '(3, 2), (4, 2), (5, 2), (6, 2), (7, 2), (8, 2)', 'down': '(3, 3), (4, 3), (5, 3), (6, 3), (7, 3), (8, 3)', 'left': '', 'right': ''}","{'green triangle': [(4, 7), (3, 7), (2, 7), (1, 7), (0, 7), (0, 6), (0, 5), (0, 4), (0, 3), (0, 2), (0, 1)], 'orange triangle': [(4, 7), (4, 6), (4, 5), (4, 4), (4, 3), (3, 3), (2, 3), (2, 2), (3, 2), (4, 2)], 'purple circle': [(4, 7), (4, 6), (4, 5), (3, 5), (2, 5)], 'orange circle': [(4, 7), (3, 7), (2, 7), (1, 7)], 'purple square': [(4, 7), (5, 7), (6, 7), (6, 6), (6, 5), (6, 4), (6, 3)]}","{'green triangle': ['left', 'left', 'left', 'left', 'down', 'down', 'down', 'down', 'down', 'down'], 'orange triangle': ['down', 'down', 'down', 'down', 'left', 'left', 'down', 'right', 'right'], 'purple circle': ['down', 'down', 'left', 'left'], 'orange circle': ['left', 'left', 'left'], 'purple square': ['right', 'right', 'down', 'down', 'down', 'down']}","{'green triangle': [(4, 0), (4, 1), (3, 1), (2, 1), (1, 1), (0, 1)], 'orange triangle': [(4, 0), (4, 1), (4, 2)], 'purple circle': [(4, 0), (4, 1), (4, 2), (3, 2), (2, 2), (2, 3), (2, 4), (2, 5)], 'orange circle': [(4, 0), (4, 1), (4, 2), (3, 2), (2, 2), (2, 3), (2, 4), (2, 5), (2, 6), (2, 7), (1, 7)], 'purple square': [(4, 0), (4, 1), (4, 2), (3, 2), (2, 2), (2, 3), (3, 3), (4, 3), (5, 3), (6, 3)]}","{'green triangle': ['up', 'left', 'left', 'left', 'left'], 'orange triangle': ['up', 'up'], 'purple circle': ['up', 'up', 'left', 'left', 'up', 'up', 'up'], 'orange circle': ['up', 'up', 'left', 'left', 'up', 'up', 'up', 'up', 'up', 'left'], 'purple square': ['up', 'up', 'left', 'left', 'up', 'right', 'right', 'right', 'right']}",square
10,"(4, 0)","(4, 7)",orange triangle,"['triangle', 'circle', 'square', 'purple', 'orange', 'green']","{(1, 2): 'green circle', (2, 2): 'green square', (3, 9): 'purple triangle', (3, 8): 'purple square', (5, 3): 'orange triangle'}",5,R,"{'receiver': ['A1', 'B1'], 'signaler': ['C3', 'B3'], 'flipped': ['A2']}","{'triangle': 'purple triangle', 'circle': 'green circle', 'square': 'purple square', 'purple': 'purple triangle', 'orange': 'orange triangle', 'green': 'green square'}","{'green circle': (1, 2), 'green square': (2, 2), 'purple triangle': (3, 9), 'purple square': (3, 8), 'orange triangle': (5, 3)}","{'up': '(3, 5), (4, 5), (5, 5), (6, 5), (7, 5), (8, 5)', 'down': '(3, 6), (4, 6), (5, 6), (6, 6), (7, 6), (8, 6)', 'left': '', 'right': ''}","{'green circle': [(4, 7), (3, 7), (2, 7), (1, 7), (1, 6), (1, 5), (1, 4), (1, 3), (1, 2)], 'green square': [(4, 7), (3, 7), (2, 7), (2, 6), (2, 5), (2, 4), (2, 3), (2, 2)], 'purple triangle': [(4, 7), (3, 7), (3, 8), (3, 9)], 'purple square': [(4, 7), (3, 7), (3, 8)], 'orange triangle': [(4, 7), (4, 6), (3, 6), (2, 6), (2, 5), (2, 4), (2, 3), (3, 3), (4, 3), (5, 3)]}","{'green circle': ['left', 'left', 'left', 'down', 'down', 'down', 'down', 'down'], 'green square': ['left', 'left', 'down', 'down', 'down', 'down', 'down'], 'purple triangle': ['left', 'up', 'up'], 'purple square': ['left', 'up'], 'orange triangle': ['down', 'left', 'left', 'down', 'down', 'down', 'right', 'right', 'right']}","{'green circle': [(4, 0), (3, 0), (2, 0), (1, 0), (1, 1), (1, 2)], 'green square': [(4, 0), (3, 0), (2, 0), (2, 1), (2, 2)], 'purple triangle': [(4, 0), (4, 1), (4, 2), (4, 3), (4, 4), (4, 5), (3, 5), (2, 5), (2, 6), (2, 7), (2, 8), (2, 9), (3, 9)], 'purple square': [(4, 0), (4, 1), (4, 2), (4, 3), (4, 4), (4, 5), (3, 5), (2, 5), (2, 6), (2, 7), (2, 8), (3, 8)], 'orange triangle': [(4, 0), (4, 1), (4, 2), (4, 3), (5, 3)]}","{'green circle': ['left', 'left', 'left', 'up', 'up'], 'green square': ['left', 'left', 'up', 'up'], 'purple triangle': ['up', 'up', 'up', 'up', 'up', 'left', 'left', 'up', 'up', 'up', 'up', 'right'], 'purple square': ['up', 'up', 'up', 'up', 'up', 'left', 'left', 'up', 'up', 'up', 'right'], 'orange triangle': ['up', 'up', 'up', 'right']}",do
11,"(4, 0)","(4, 7)",orange triangle,"['triangle', 'circle', 'square', 'purple', 'orange', 'green']","{(1, 2): 'green circle', (2, 2): 'green square', (3, 9): 'purple triangle', (3, 8): 'purple square', (5, 3): 'orange triangle'}",5,S,"{'receiver': ['A1', 'B1'], 'signaler': ['C3', 'B3'], 'flipped': ['A2']}","{'triangle': 'purple triangle', 'circle': 'green circle', 'square': 'purple square', 'purple': 'purple triangle', 'orange': 'orange triangle', 'green': 'green square'}","{'green circle': (1, 2), 'green square': (2, 2), 'purple triangle': (3, 9), 'purple square': (3, 8), 'orange triangle': (5, 3)}","{'up': '(3, 2), (4, 2), (5, 2), (6, 2), (7, 2), (8, 2)', 'down': '(3, 3), (4, 3), (5, 3), (6, 3), (7, 3), (8, 3)', 'left': '', 'right': ''}","{'green circle': [(4, 7), (3, 7), (2, 7), (1, 7), (1, 6), (1, 5), (1, 4), (1, 3), (1, 2)], 'green square': [(4, 7), (4, 6), (4, 5), (4, 4), (4, 3), (3, 3), (2, 3), (2, 2)], 'purple triangle': [(4, 7), (4, 8), (4, 9), (3, 9)], 'purple square': [(4, 7), (4, 8), (3, 8)], 'orange triangle': [(4, 7), (5, 7), (5, 6), (5, 5), (5, 4), (5, 3)]}","{'green circle': ['left', 'left', 'left', 'down', 'down', 'down', 'down', 'down'], 'green square': ['down', 'down', 'down', 'down', 'left', 'left', 'down'], 'purple triangle': ['up', 'up', 'left'], 'purple square': ['up', 'left'], 'orange triangle': ['right', 'down', 'down', 'down', 'down']}","{'green circle': [(4, 0), (3, 0), (2, 0), (1, 0), (1, 1), (1, 2)], 'green square': [(4, 0), (4, 1), (4, 2), (3, 2), (2, 2)], 'purple triangle': [(4, 0), (3, 0), (2, 0), (2, 1), (2, 2), (2, 3), (2, 4), (2, 5), (2, 6), (2, 7), (2, 8), (2, 9), (3, 9)], 'purple square': [(4, 0), (4, 1), (4, 2), (3, 2), (2, 2), (2, 3), (2, 4), (2, 5), (2, 6), (2, 7), (2, 8), (3, 8)], 'orange triangle': [(4, 0), (3, 0), (2, 0), (2, 1), (2, 2), (2, 3), (3, 3), (4, 3), (5, 3)]}","{'green circle': ['left', 'left', 'left', 'up', 'up'], 'green square': ['up', 'up', 'left', 'left'], 'purple triangle': ['left', 'left', 'up', 'up', 'up', 'up', 'up', 'up', 'up', 'up', 'up', 'right'], 'purple square': ['up', 'up', 'left', 'left', 'up', 'up', 'up', 'up', 'up', 'up', 'right'], 'orange triangle': ['left', 'left', 'up', 'up', 'up', 'right', 'right', 'right']}",orange
12,"(4, 0)","(4, 7)",orange square,"['square', 'circle', 'triangle', 'orange', 'green', 'purple']","{(8, 1): 'purple circle', (1, 6): 'orange square', (2, 8): 'green square', (0, 6): 'green triangle', (4, 3): 'orange triangle'}",5,R,"{'receiver': ['A1', 'A2', 'B2'], 'signaler': ['C3'], 'flipped': ['B1']}","{'square': 'green square', 'circle': 'purple circle', 'triangle': 'green triangle', 'orange': 'orange square', 'green': 'green square', 'purple': 'purple circle'}","{'purple circle': (8, 1), 'orange square': (1, 6), 'green square': (2, 8), 'green triangle': (0, 6), 'orange triangle': (4, 3)}","{'up': '(3, 5), (4, 5), (5, 5), (6, 5), (7, 5), (8, 5)', 'down': '(3, 6), (4, 6), (5, 6), (6, 6), (7, 6), (8, 6)', 'left': '', 'right': ''}","{'purple circle': [(4, 7), (4, 6), (3, 6), (2, 6), (2, 5), (2, 4), (2, 3), (2, 2), (2, 1), (3, 1), (4, 1), (5, 1), (6, 1), (7, 1), (8, 1)], 'orange square': [(4, 7), (4, 6), (3, 6), (2, 6), (1, 6)], 'green square': [(4, 7), (3, 7), (2, 7), (2, 8)], 'green triangle': [(4, 7), (4, 6), (3, 6), (2, 6), (1, 6), (0, 6)], 'orange triangle': [(4, 7), (4, 6), (3, 6), (2, 6), (2, 5), (2, 4), (2, 3), (3, 3), (4, 3)]}","{'purple circle': ['down', 'left', 'left', 'down', 'down', 'down', 'down', 'down', 'right', 'right', 'right', 'right', 'right', 'right'], 'orange square': ['down', 'left', 'left', 'left'], 'green square': ['left', 'left', 'up'], 'green triangle': ['down', 'left', 'left', 'left', 'left'], 'orange triangle': ['down', 'left', 'left', 'down', 'down', 'down', 'right', 'right']}","{'purple circle': [(4, 0), (5, 0), (6, 0), (7, 0), (8, 0), (8, 1)], 'orange square': [(4, 0), (4, 1), (4, 2), (4, 3), (4, 4), (4, 5), (3, 5), (2, 5), (1, 5), (1, 6)], 'green square': [(4, 0), (4, 1), (4, 2), (4, 3), (4, 4), (4, 5), (3, 5), (2, 5), (2, 6), (2, 7), (2, 8)], 'green triangle': [(4, 0), (3, 0), (2, 0), (1, 0), (0, 0), (0, 1), (0, 2), (0, 3), (0, 4), (0, 5), (0, 6)], 'orange triangle': [(4, 0), (4, 1), (4, 2), (4, 3)]}","{'purple circle': ['right', 'right', 'right', 'right', 'up'], 'orange square': ['up', 'up', 'up', 'up', 'up', 'left', 'left', 'left', 'up'], 'green square': ['up', 'up', 'up', 'up', 'up', 'left', 'left', 'up', 'up', 'up'], 'green triangle': ['left', 'left', 'left', 'left', 'up', 'up', 'up', 'up', 'up', 'up'], 'orange triangle': ['up', 'up', 'up']}",orange
13,"(4, 0)","(4, 7)",orange square,"['square', 'circle', 'triangle', 'orange', 'green', 'purple']","{(8, 1): 'purple circle', (1, 6): 'orange square', (2, 8): 'green square', (0, 6): 'green triangle', (4, 3): 'orange triangle'}",5,S,"{'receiver': ['A1', 'A2', 'B2'], 'signaler': ['C3'], 'flipped': ['B1']}","{'square': 'green square', 'circle': 'purple circle', 'triangle': 'green triangle', 'orange': 'orange triangle', 'green': 'green triangle', 'purple': 'purple circle'}","{'purple circle': (8, 1), 'orange square': (1, 6), 'green square': (2, 8), 'green triangle': (0, 6), 'orange triangle': (4, 3)}","{'up': '(3, 2), (4, 2), (5, 2), (6, 2), (7, 2), (8, 2)', 'down': '(3, 3), (4, 3), (5, 3), (6, 3), (7, 3), (8, 3)', 'left': '', 'right': ''}","{'purple circle': [(4, 7), (4, 6), (4, 5), (4, 4), (4, 3), (3, 3), (2, 3), (2, 2), (2, 1), (3, 1), (4, 1), (5, 1), (6, 1), (7, 1), (8, 1)], 'orange square': [(4, 7), (3, 7), (2, 7), (1, 7), (1, 6)], 'green square': [(4, 7), (3, 7), (2, 7), (2, 8)], 'green triangle': [(4, 7), (3, 7), (2, 7), (1, 7), (0, 7), (0, 6)], 'orange triangle': [(4, 7), (4, 6), (4, 5), (4, 4), (4, 3)]}","{'purple circle': ['down', 'down', 'down', 'down', 'left', 'left', 'down', 'down', 'right', 'right', 'right', 'right', 'right', 'right'], 'orange square': ['left', 'left', 'left', 'down'], 'green square': ['left', 'left', 'up'], 'green triangle': ['left', 'left', 'left', 'left', 'down'], 'orange triangle': ['down', 'down', 'down', 'down']}","{'purple circle': [(4, 0), (4, 1), (5, 1), (6, 1), (7, 1), (8, 1)], 'orange square': [(4, 0), (4, 1), (4, 2), (3, 2), (2, 2), (1, 2), (1, 3), (1, 4), (1, 5), (1, 6)], 'green square': [(4, 0), (3, 0), (2, 0), (2, 1), (2, 2), (2, 3), (2, 4), (2, 5), (2, 6), (2, 7), (2, 8)], 'green triangle': [(4, 0), (4, 1), (4, 2), (3, 2), (2, 2), (2, 3), (2, 4), (2, 5), (2, 6), (1, 6), (0, 6)], 'orange triangle': [(4, 0), (4, 1), (4, 2), (3, 2), (2, 2), (2, 3), (3, 3), (4, 3)]}","{'purple circle': ['up', 'right', 'right', 'right', 'right'], 'orange square': ['up', 'up', 'left', 'left', 'left', 'up', 'up', 'up', 'up'], 'green square': ['left', 'left', 'up', 'up', 'up', 'up', 'up', 'up', 'up', 'up'], 'green triangle': ['up', 'up', 'left', 'left', 'up', 'up', 'up', 'up', 'left', 'left'], 'orange triangle': ['up', 'up', 'left', 'left', 'up', 'right', 'right']}",square
14,"(4, 0)","(4, 7)",purple triangle,"['purple', 'orange', 'green', 'triangle', 'square', 'circle']","{(7, 0): 'orange circle', (4, 6): 'purple triangle', (1, 9): 'purple square', (8, 7): 'green square', (4, 3): 'green triangle'}",5,R,"{'receiver': ['A1', 'A2', 'B2'], 'signaler': ['C3'], 'flipped': ['B1']}","{'purple': 'purple square', 'orange': 'orange circle', 'green': 'green square', 'triangle': 'purple triangle', 'square': 'purple square', 'circle': 'orange circle'}","{'orange circle': (7, 0), 'purple triangle': (4, 6), 'purple square': (1, 9), 'green square': (8, 7), 'green triangle': (4, 3)}","{'up': '(3, 5), (4, 5), (5, 5), (6, 5), (7, 5), (8, 5)', 'down': '(3, 6), (4, 6), (5, 6), (6, 6), (7, 6), (8, 6)', 'left': '', 'right': ''}","{'orange circle': [(4, 7), (4, 6), (3, 6), (2, 6), (2, 5), (3, 5), (4, 5), (5, 5), (6, 5), (7, 5), (7, 4), (7, 3), (7, 2), (7, 1), (7, 0)], 'purple triangle': [(4, 7), (4, 6)], 'purple square': [(4, 7), (3, 7), (2, 7), (1, 7), (1, 8), (1, 9)], 'green square': [(4, 7), (5, 7), (6, 7), (7, 7), (8, 7)], 'green triangle': [(4, 7), (4, 6), (3, 6), (2, 6), (2, 5), (2, 4), (2, 3), (3, 3), (4, 3)]}","{'orange circle': ['down', 'left', 'left', 'down', 'right', 'right', 'right', 'right', 'right', 'down', 'down', 'down', 'down', 'down'], 'purple triangle': ['down'], 'purple square': ['left', 'left', 'left', 'up', 'up'], 'green square': ['right', 'right', 'right', 'right'], 'green triangle': ['down', 'left', 'left', 'down', 'down', 'down', 'right', 'right']}","{'orange circle': [(4, 0), (5, 0), (6, 0), (7, 0)], 'purple triangle': [(4, 0), (3, 0), (2, 0), (2, 1), (2, 2), (2, 3), (2, 4), (2, 5), (2, 6), (3, 6), (4, 6)], 'purple square': [(4, 0), (3, 0), (2, 0), (1, 0), (1, 1), (1, 2), (1, 3), (1, 4), (1, 5), (1, 6), (1, 7), (1, 8), (1, 9)], 'green square': [(4, 0), (3, 0), (3, 1), (3, 2), (3, 3), (3, 4), (3, 5), (2, 5), (2, 6), (2, 7), (3, 7), (4, 7), (5, 7), (6, 7), (7, 7), (8, 7)], 'green triangle': [(4, 0), (4, 1), (4, 2), (4, 3)]}","{'orange circle': ['right', 'right', 'right'], 'purple triangle': ['left', 'left', 'up', 'up', 'up', 'up', 'up', 'up', 'right', 'right'], 'purple square': ['left', 'left', 'left', 'up', 'up', 'up', 'up', 'up', 'up', 'up', 'up', 'up'], 'green square': ['left', 'up', 'up', 'up', 'up', 'up', 'left', 'up', 'up', 'right', 'right', 'right', 'right', 'right', 'right'], 'green triangle': ['up', 'up', 'up']}",triangle
15,"(4, 0)","(4, 7)",purple triangle,"['purple', 'orange', 'green', 'triangle', 'square', 'circle']","{(7, 0): 'orange circle', (4, 6): 'purple triangle', (1, 9): 'purple square', (8, 7): 'green square', (4, 3): 'green triangle'}",5,S,"{'receiver': ['A1', 'A2', 'B2'], 'signaler': ['C3'], 'flipped': ['B1']}","{'purple': 'purple square', 'orange': 'orange circle', 'green': 'green square', 'triangle': 'green triangle', 'square': 'green square', 'circle': 'orange circle'}","{'orange circle': (7, 0), 'purple triangle': (4, 6), 'purple square': (1, 9), 'green square': (8, 7), 'green triangle': (4, 3)}","{'up': '(3, 2), (4, 2), (5, 2), (6, 2), (7, 2), (8, 2)', 'down': '(3, 3), (4, 3), (5, 3), (6, 3), (7, 3), (8, 3)', 'left': '', 'right': ''}","{'orange circle': [(4, 7), (3, 7), (2, 7), (2, 6), (2, 5), (2, 4), (2, 3), (2, 2), (3, 2), (4, 2), (5, 2), (6, 2), (7, 2), (7, 1), (7, 0)], 'purple triangle': [(4, 7), (4, 6)], 'purple square': [(4, 7), (4, 8), (4, 9), (3, 9), (2, 9), (1, 9)], 'green square': [(4, 7), (5, 7), (6, 7), (7, 7), (8, 7)], 'green triangle': [(4, 7), (4, 6), (4, 5), (4, 4), (4, 3)]}","{'orange circle': ['left', 'left', 'down', 'down', 'down', 'down', 'down', 'right', 'right', 'right', 'right', 'right', 'down', 'down'], 'purple triangle': ['down'], 'purple square': ['up', 'up', 'left', 'left', 'left'], 'green square': ['right', 'right', 'right', 'right'], 'green triangle': ['down', 'down', 'down', 'down']}","{'orange circle': [(4, 0), (5, 0), (6, 0), (7, 0)], 'purple triangle': [(4, 0), (4, 1), (4, 2), (3, 2), (2, 2), (2, 3), (2, 4), (2, 5), (2, 6), (3, 6), (4, 6)], 'purple square': [(4, 0), (3, 0), (2, 0), (1, 0), (1, 1), (1, 2), (1, 3), (1, 4), (1, 5), (1, 6), (1, 7), (1, 8), (1, 9)], 'green square': [(4, 0), (4, 1), (4, 2), (3, 2), (2, 2), (2, 3), (2, 4), (2, 5), (2, 6), (2, 7), (3, 7), (4, 7), (5, 7), (6, 7), (7, 7), (8, 7)], 'green triangle': [(4, 0), (4, 1), (4, 2), (3, 2), (2, 2), (2, 3), (3, 3), (4, 3)]}","{'orange circle': ['right', 'right', 'right'], 'purple triangle': ['up', 'up', 'left', 'left', 'up', 'up', 'up', 'up', 'right', 'right'], 'purple square': ['left', 'left', 'left', 'up', 'up', 'up', 'up', 'up', 'up', 'up', 'up', 'up'], 'green square': ['up', 'up', 'left', 'left', 'up', 'up', 'up', 'up', 'up', 'right', 'right', 'right', 'right', 'right', 'right'], 'green triangle': ['up', 'up', 'left', 'left', 'up', 'right', 'right']}",purple
16,"(4, 0)","(4, 7)",green circle,"['circle', 'square', 'triangle', 'green', 'orange', 'purple']","{(1, 1): 'purple square', (1, 6): 'green circle', (2, 6): 'orange circle', (0, 7): 'orange triangle', (7, 3): 'green triangle'}",5,R,"{'receiver': ['A1', 'A2', 'B2'], 'signaler': ['C3'], 'flipped': ['B1']}","{'circle': 'orange circle', 'square': 'purple square', 'triangle': 'orange triangle', 'green': 'green circle', 'orange': 'orange circle', 'purple': 'purple square'}","{'purple square': (1, 1), 'green circle': (1, 6), 'orange circle': (2, 6), 'orange triangle': (0, 7), 'green triangle': (7, 3)}","{'up': '(3, 5), (4, 5), (5, 5), (6, 5), (7, 5), (8, 5)', 'down': '(3, 6), (4, 6), (5, 6), (6, 6), (7, 6), (8, 6)', 'left': '', 'right': ''}","{'purple square': [(4, 7), (3, 7), (2, 7), (1, 7), (1, 6), (1, 5), (1, 4), (1, 3), (1, 2), (1, 1)], 'green circle': [(4, 7), (4, 6), (3, 6), (2, 6), (1, 6)], 'orange circle': [(4, 7), (3, 7), (2, 7), (2, 6)], 'orange triangle': [(4, 7), (3, 7), (2, 7), (1, 7), (0, 7)], 'green triangle': [(4, 7), (3, 7), (2, 7), (2, 6), (2, 5), (2, 4), (2, 3), (3, 3), (4, 3), (5, 3), (6, 3), (7, 3)]}","{'purple square': ['left', 'left', 'left', 'down', 'down', 'down', 'down', 'down', 'down'], 'green circle': ['down', 'left', 'left', 'left'], 'orange circle': ['left', 'left', 'down'], 'orange triangle': ['left', 'left', 'left', 'left'], 'green triangle': ['left', 'left', 'down', 'down', 'down', 'down', 'right', 'right', 'right', 'right', 'right']}","{'purple square': [(4, 0), (3, 0), (2, 0), (1, 0), (1, 1)], 'green circle': [(4, 0), (3, 0), (3, 1), (3, 2), (3, 3), (3, 4), (3, 5), (2, 5), (1, 5), (1, 6)], 'orange circle': [(4, 0), (4, 1), (4, 2), (4, 3), (4, 4), (4, 5), (3, 5), (2, 5), (2, 6)], 'orange triangle': [(4, 0), (3, 0), (2, 0), (1, 0), (0, 0), (0, 1), (0, 2), (0, 3), (0, 4), (0, 5), (0, 6), (0, 7)], 'green triangle': [(4, 0), (4, 1), (4, 2), (4, 3), (5, 3), (6, 3), (7, 3)]}","{'purple square': ['left', 'left', 'left', 'up'], 'green circle': ['left', 'up', 'up', 'up', 'up', 'up', 'left', 'left', 'up'], 'orange circle': ['up', 'up', 'up', 'up', 'up', 'left', 'left', 'up'], 'orange triangle': ['left', 'left', 'left', 'left', 'up', 'up', 'up', 'up', 'up', 'up', 'up'], 'green triangle': ['up', 'up', 'up', 'right', 'right', 'right']}",green
17,"(4, 0)","(4, 7)",green circle,"['circle', 'square', 'triangle', 'green', 'orange', 'purple']","{(1, 1): 'purple square', (1, 6): 'green circle', (2, 6): 'orange circle', (0, 7): 'orange triangle', (7, 3): 'green triangle'}",5,S,"{'receiver': ['A1', 'A2', 'B2'], 'signaler': ['C3'], 'flipped': ['B1']}","{'circle': 'green circle', 'square': 'purple square', 'triangle': 'green triangle', 'green': 'green triangle', 'orange': 'orange triangle', 'purple': 'purple square'}","{'purple square': (1, 1), 'green circle': (1, 6), 'orange circle': (2, 6), 'orange triangle': (0, 7), 'green triangle': (7, 3)}","{'up': '(3, 2), (4, 2), (5, 2), (6, 2), (7, 2), (8, 2)', 'down': '(3, 3), (4, 3), (5, 3), (6, 3), (7, 3), (8, 3)', 'left': '', 'right': ''}","{'purple square': [(4, 7), (3, 7), (2, 7), (1, 7), (1, 6), (1, 5), (1, 4), (1, 3), (1, 2), (1, 1)], 'green circle': [(4, 7), (4, 6), (3, 6), (2, 6), (1, 6)], 'orange circle': [(4, 7), (3, 7), (2, 7), (2, 6)], 'orange triangle': [(4, 7), (3, 7), (2, 7), (1, 7), (0, 7)], 'green triangle': [(4, 7), (5, 7), (6, 7), (7, 7), (7, 6), (7, 5), (7, 4), (7, 3)]}","{'purple square': ['left', 'left', 'left', 'down', 'down', 'down', 'down', 'down', 'down'], 'green circle': ['down', 'left', 'left', 'left'], 'orange circle': ['left', 'left', 'down'], 'orange triangle': ['left', 'left', 'left', 'left'], 'green triangle': ['right', 'right', 'right', 'down', 'down', 'down', 'down']}","{'purple square': [(4, 0), (4, 1), (3, 1), (2, 1), (1, 1)], 'green circle': [(4, 0), (3, 0), (3, 1), (3, 2), (2, 2), (1, 2), (1, 3), (1, 4), (1, 5), (1, 6)], 'orange circle': [(4, 0), (4, 1), (4, 2), (3, 2), (2, 2), (2, 3), (2, 4), (2, 5), (2, 6)], 'orange triangle': [(4, 0), (3, 0), (2, 0), (1, 0), (0, 0), (0, 1), (0, 2), (0, 3), (0, 4), (0, 5), (0, 6), (0, 7)], 'green triangle': [(4, 0), (4, 1), (4, 2), (3, 2), (2, 2), (2, 3), (3, 3), (4, 3), (5, 3), (6, 3), (7, 3)]}","{'purple square': ['up', 'left', 'left', 'left'], 'green circle': ['left', 'up', 'up', 'left', 'left', 'up', 'up', 'up', 'up'], 'orange circle': ['up', 'up', 'left', 'left', 'up', 'up', 'up', 'up'], 'orange triangle': ['left', 'left', 'left', 'left', 'up', 'up', 'up', 'up', 'up', 'up', 'up'], 'green triangle': ['up', 'up', 'left', 'left', 'up', 'right', 'right', 'right', 'right', 'right']}",green
18,"(4, 0)","(4, 7)",green circle,"['circle', 'square', 'triangle', 'green', 'orange', 'purple']","{(2, 1): 'purple square', (6, 7): 'green circle', (2, 8): 'orange circle', (8, 6): 'orange triangle', (5, 3): 'green triangle'}",5,R,"{'receiver': ['A1', 'A2', 'B2'], 'signaler': ['C3'], 'flipped': ['B1']}","{'circle': 'orange circle', 'square': 'purple square', 'triangle': 'orange triangle', 'green': 'green circle', 'orange': 'orange circle', 'purple': 'purple square'}","{'purple square': (2, 1), 'green circle': (6, 7), 'orange circle': (2, 8), 'orange triangle': (8, 6), 'green triangle': (5, 3)}","{'up': '(3, 5), (4, 5), (5, 5), (6, 5), (7, 5), (8, 5)', 'down': '(3, 6), (4, 6), (5, 6), (6, 6), (7, 6), (8, 6)', 'left': '', 'right': ''}","{'purple square': [(4, 7), (3, 7), (2, 7), (2, 6), (2, 5), (2, 4), (2, 3), (2, 2), (2, 1)], 'green circle': [(4, 7), (5, 7), (6, 7)], 'orange circle': [(4, 7), (3, 7), (2, 7), (2, 8)], 'orange triangle': [(4, 7), (5, 7), (6, 7), (7, 7), (8, 7), (8, 6)], 'green triangle': [(4, 7), (3, 7), (2, 7), (2, 6), (2, 5), (2, 4), (2, 3), (3, 3), (4, 3), (5, 3)]}","{'purple square': ['left', 'left', 'down', 'down', 'down', 'down', 'down', 'down'], 'green circle': ['right', 'right'], 'orange circle': ['left', 'left', 'up'], 'orange triangle': ['right', 'right', 'right', 'right', 'down'], 'green triangle': ['left', 'left', 'down', 'down', 'down', 'down', 'right', 'right', 'right']}","{'purple square': [(4, 0), (4, 1), (3, 1), (2, 1)], 'green circle': [(4, 0), (4, 1), (4, 2), (4, 3), (4, 4), (4, 5), (3, 5), (2, 5), (2, 6), (2, 7), (3, 7), (4, 7), (5, 7), (6, 7)], 'orange circle': [(4, 0), (3, 0), (2, 0), (2, 1), (2, 2), (2, 3), (2, 4), (2, 5), (2, 6), (2, 7), (2, 8)], 'orange triangle': [(4, 0), (4, 1), (4, 2), (4, 3), (4, 4), (4, 5), (3, 5), (2, 5), (2, 6), (3, 6), (4, 6), (5, 6), (6, 6), (7, 6), (8, 6)], 'green triangle': [(4, 0), (4, 1), (4, 2), (4, 3), (5, 3)]}","{'purple square': ['up', 'left', 'left'], 'green circle': ['up', 'up', 'up', 'up', 'up', 'left', 'left', 'up', 'up', 'right', 'right', 'right', 'right'], 'orange circle': ['left', 'left', 'up', 'up', 'up', 'up', 'up', 'up', 'up', 'up'], 'orange triangle': ['up', 'up', 'up', 'up', 'up', 'left', 'left', 'up', 'right', 'right', 'right', 'right', 'right', 'right'], 'green triangle': ['up', 'up', 'up', 'right']}",green
19,"(4, 0)","(4, 7)",green circle,"['circle', 'square', 'triangle', 'green', 'orange', 'purple']","{(2, 1): 'purple square', (6, 7): 'green circle', (2, 8): 'orange circle', (8, 6): 'orange triangle', (5, 3): 'green triangle'}",5,S,"{'receiver': ['A1', 'A2', 'B2'], 'signaler': ['C3'], 'flipped': ['B1']}","{'circle': 'orange circle', 'square': 'purple square', 'triangle': 'orange triangle', 'green': 'green triangle', 'orange': 'orange triangle', 'purple': 'purple square'}","{'purple square': (2, 1), 'green circle': (6, 7), 'orange circle': (2, 8), 'orange triangle': (8, 6), 'green triangle': (5, 3)}","{'up': '(3, 2), (4, 2), (5, 2), (6, 2), (7, 2), (8, 2)', 'down': '(3, 3), (4, 3), (5, 3), (6, 3), (7, 3), (8, 3)', 'left': '', 'right': ''}","{'purple square': [(4, 7), (3, 7), (2, 7), (2, 6), (2, 5), (2, 4), (2, 3), (2, 2), (2, 1)], 'green circle': [(4, 7), (5, 7), (6, 7)], 'orange circle': [(4, 7), (3, 7), (2, 7), (2, 8)], 'orange triangle': [(4, 7), (5, 7), (6, 7), (7, 7), (8, 7), (8, 6)], 'green triangle': [(4, 7), (5, 7), (5, 6), (5, 5), (5, 4), (5, 3)]}","{'purple square': ['left', 'left', 'down', 'down', 'down', 'down', 'down', 'down'], 'green circle': ['right', 'right'], 'orange circle': ['left', 'left', 'up'], 'orange triangle': ['right', 'right', 'right', 'right', 'down'], 'green triangle': ['right', 'down', 'down', 'down', 'down']}","{'purple square': [(4, 0), (3, 0), (2, 0), (2, 1)], 'green circle': [(4, 0), (3, 0), (2, 0), (2, 1), (2, 2), (2, 3), (2, 4), (2, 5), (2, 6), (2, 7), (3, 7), (4, 7), (5, 7), (6, 7)], 'orange circle': [(4, 0), (3, 0), (2, 0), (2, 1), (2, 2), (2, 3), (2, 4), (2, 5), (2, 6), (2, 7), (2, 8)], 'orange triangle': [(4, 0), (4, 1), (4, 2), (3, 2), (2, 2), (2, 3), (2, 4), (2, 5), (2, 6), (3, 6), (4, 6), (5, 6), (6, 6), (7, 6), (8, 6)], 'green triangle': [(4, 0), (4, 1), (4, 2), (3, 2), (2, 2), (2, 3), (3, 3), (4, 3), (5, 3)]}","{'purple square': ['left', 'left', 'up'], 'green circle': ['left', 'left', 'up', 'up', 'up', 'up', 'up', 'up', 'up', 'right', 'right', 'right', 'right'], 'orange circle': ['left', 'left', 'up', 'up', 'up', 'up', 'up', 'up', 'up', 'up'], 'orange triangle': ['up', 'up', 'left', 'left', 'up', 'up', 'up', 'up', 'right', 'right', 'right', 'right', 'right', 'right'], 'green triangle': ['up', 'up', 'left', 'left', 'up', 'right', 'right', 'right']}",circle
20,"(4, 0)","(4, 7)",green circle,"['green', 'orange', 'purple', 'circle', 'square', 'triangle']","{(5, 2): 'orange triangle', (3, 6): 'green circle', (1, 6): 'green square', (0, 6): 'purple square', (6, 3): 'purple circle'}",5,R,"{'receiver': ['A1', 'A2', 'B2'], 'signaler': ['C3'], 'flipped': ['B1']}","{'green': 'green square', 'orange': 'orange triangle', 'purple': 'purple square', 'circle': 'green circle', 'square': 'green square', 'triangle': 'orange triangle'}","{'orange triangle': (5, 2), 'green circle': (3, 6), 'green square': (1, 6), 'purple square': (0, 6), 'purple circle': (6, 3)}","{'up': '(3, 5), (4, 5), (5, 5), (6, 5), (7, 5), (8, 5)', 'down': '(3, 6), (4, 6), (5, 6), (6, 6), (7, 6), (8, 6)', 'left': '', 'right': ''}","{'orange triangle': [(4, 7), (3, 7), (2, 7), (2, 6), (2, 5), (2, 4), (2, 3), (2, 2), (3, 2), (4, 2), (5, 2)], 'green circle': [(4, 7), (4, 6), (3, 6)], 'green square': [(4, 7), (3, 7), (2, 7), (1, 7), (1, 6)], 'purple square': [(4, 7), (4, 6), (3, 6), (2, 6), (1, 6), (0, 6)], 'purple circle': [(4, 7), (3, 7), (2, 7), (2, 6), (2, 5), (2, 4), (2, 3), (3, 3), (4, 3), (5, 3), (6, 3)]}","{'orange triangle': ['left', 'left', 'down', 'down', 'down', 'down', 'down', 'right', 'right', 'right'], 'green circle': ['down', 'left'], 'green square': ['left', 'left', 'left', 'down'], 'purple square': ['down', 'left', 'left', 'left', 'left'], 'purple circle': ['left', 'left', 'down', 'down', 'down', 'down', 'right', 'right', 'right', 'right']}","{'orange triangle': [(4, 0), (5, 0), (5, 1), (5, 2)], 'green circle': [(4, 0), (4, 1), (4, 2), (4, 3), (4, 4), (4, 5), (3, 5), (2, 5), (2, 6), (3, 6)], 'green square': [(4, 0), (4, 1), (4, 2), (4, 3), (4, 4), (4, 5), (3, 5), (2, 5), (1, 5), (1, 6)], 'purple square': [(4, 0), (3, 0), (2, 0), (1, 0), (0, 0), (0, 1), (0, 2), (0, 3), (0, 4), (0, 5), (0, 6)], 'purple circle': [(4, 0), (4, 1), (4, 2), (4, 3), (5, 3), (6, 3)]}","{'orange triangle': ['right', 'up', 'up'], 'green circle': ['up', 'up', 'up', 'up', 'up', 'left', 'left', 'up', 'right'], 'green square': ['up', 'up', 'up', 'up', 'up', 'left', 'left', 'left', 'up'], 'purple square': ['left', 'left', 'left', 'left', 'up', 'up', 'up', 'up', 'up', 'up'], 'purple circle': ['up', 'up', 'up', 'right', 'right']}",circle
21,"(4, 0)","(4, 7)",green circle,"['green', 'orange', 'purple', 'circle', 'square', 'triangle']","{(5, 2): 'orange triangle', (3, 6): 'green circle', (1, 6): 'green square', (0, 6): 'purple square', (6, 3): 'purple circle'}",5,S,"{'receiver': ['A1', 'A2', 'B2'], 'signaler': ['C3'], 'flipped': ['B1']}","{'green': 'green square', 'orange': 'orange triangle', 'purple': 'purple square', 'circle': 'purple circle', 'square': 'purple square', 'triangle': 'orange triangle'}","{'orange triangle': (5, 2), 'green circle': (3, 6), 'green square': (1, 6), 'purple square': (0, 6), 'purple circle': (6, 3)}","{'up': '(3, 2), (4, 2), (5, 2), (6, 2), (7, 2), (8, 2)', 'down': '(3, 3), (4, 3), (5, 3), (6, 3), (7, 3), (8, 3)', 'left': '', 'right': ''}","{'orange triangle': [(4, 7), (4, 6), (4, 5), (4, 4), (4, 3), (3, 3), (2, 3), (2, 2), (3, 2), (4, 2), (5, 2)], 'green circle': [(4, 7), (4, 6), (3, 6)], 'green square': [(4, 7), (3, 7), (2, 7), (1, 7), (1, 6)], 'purple square': [(4, 7), (4, 6), (3, 6), (2, 6), (1, 6), (0, 6)], 'purple circle': [(4, 7), (5, 7), (6, 7), (6, 6), (6, 5), (6, 4), (6, 3)]}","{'orange triangle': ['down', 'down', 'down', 'down', 'left', 'left', 'down', 'right', 'right', 'right'], 'green circle': ['down', 'left'], 'green square': ['left', 'left', 'left', 'down'], 'purple square': ['down', 'left', 'left', 'left', 'left'], 'purple circle': ['right', 'right', 'down', 'down', 'down', 'down']}","{'orange triangle': [(4, 0), (4, 1), (4, 2), (5, 2)], 'green circle': [(4, 0), (3, 0), (3, 1), (3, 2), (2, 2), (2, 3), (2, 4), (2, 5), (2, 6), (3, 6)], 'green square': [(4, 0), (3, 0), (3, 1), (3, 2), (2, 2), (1, 2), (1, 3), (1, 4), (1, 5), (1, 6)], 'purple square': [(4, 0), (4, 1), (4, 2), (3, 2), (2, 2), (2, 3), (2, 4), (2, 5), (2, 6), (1, 6), (0, 6)], 'purple circle': [(4, 0), (4, 1), (4, 2), (3, 2), (2, 2), (2, 3), (3, 3), (4, 3), (5, 3), (6, 3)]}","{'orange triangle': ['up', 'up', 'right'], 'green circle': ['left', 'up', 'up', 'left', 'up', 'up', 'up', 'up', 'right'], 'green square': ['left', 'up', 'up', 'left', 'left', 'up', 'up', 'up', 'up'], 'purple square': ['up', 'up', 'left', 'left', 'up', 'up', 'up', 'up', 'left', 'left'], 'purple circle': ['up', 'up', 'left', 'left', 'up', 'right', 'right', 'right', 'right']}",circle
22,"(4, 0)","(4, 7)",purple triangle,"['triangle', 'circle', 'square', 'purple', 'green', 'orange']","{(5, 2): 'orange circle', (5, 7): 'purple triangle', (5, 8): 'green triangle', (8, 7): 'green square', (4, 3): 'purple square'}",5,R,"{'receiver': ['A1', 'A2', 'B2'], 'signaler': ['C3'], 'flipped': ['B1']}","{'triangle': 'green triangle', 'circle': 'orange circle', 'square': 'green square', 'purple': 'purple triangle', 'green': 'green triangle', 'orange': 'orange circle'}","{'orange circle': (5, 2), 'purple triangle': (5, 7), 'green triangle': (5, 8), 'green square': (8, 7), 'purple square': (4, 3)}","{'up': '(3, 5), (4, 5), (5, 5), (6, 5), (7, 5), (8, 5)', 'down': '(3, 6), (4, 6), (5, 6), (6, 6), (7, 6), (8, 6)', 'left': '', 'right': ''}","{'orange circle': [(4, 7), (3, 7), (2, 7), (2, 6), (2, 5), (2, 4), (2, 3), (2, 2), (3, 2), (4, 2), (5, 2)], 'purple triangle': [(4, 7), (5, 7)], 'green triangle': [(4, 7), (5, 7), (5, 8)], 'green square': [(4, 7), (5, 7), (6, 7), (7, 7), (8, 7)], 'purple square': [(4, 7), (3, 7), (2, 7), (2, 6), (2, 5), (2, 4), (2, 3), (3, 3), (4, 3)]}","{'orange circle': ['left', 'left', 'down', 'down', 'down', 'down', 'down', 'right', 'right', 'right'], 'purple triangle': ['right'], 'green triangle': ['right', 'up'], 'green square': ['right', 'right', 'right', 'right'], 'purple square': ['left', 'left', 'down', 'down', 'down', 'down', 'right', 'right']}","{'orange circle': [(4, 0), (4, 1), (4, 2), (5, 2)], 'purple triangle': [(4, 0), (4, 1), (4, 2), (4, 3), (4, 4), (4, 5), (3, 5), (2, 5), (2, 6), (2, 7), (3, 7), (4, 7), (5, 7)], 'green triangle': [(4, 0), (4, 1), (4, 2), (4, 3), (4, 4), (4, 5), (3, 5), (2, 5), (2, 6), (2, 7), (2, 8), (3, 8), (4, 8), (5, 8)], 'green square': [(4, 0), (4, 1), (4, 2), (4, 3), (4, 4), (4, 5), (3, 5), (2, 5), (2, 6), (2, 7), (3, 7), (4, 7), (5, 7), (6, 7), (7, 7), (8, 7)], 'purple square': [(4, 0), (4, 1), (4, 2), (4, 3)]}","{'orange circle': ['up', 'up', 'right'], 'purple triangle': ['up', 'up', 'up', 'up', 'up', 'left', 'left', 'up', 'up', 'right', 'right', 'right'], 'green triangle': ['up', 'up', 'up', 'up', 'up', 'left', 'left', 'up', 'up', 'up', 'right', 'right', 'right'], 'green square': ['up', 'up', 'up', 'up', 'up', 'left', 'left', 'up', 'up', 'right', 'right', 'right', 'right', 'right', 'right'], 'purple square': ['up', 'up', 'up']}",purple
23,"(4, 0)","(4, 7)",purple triangle,"['triangle', 'circle', 'square', 'purple', 'green', 'orange']","{(5, 2): 'orange circle', (5, 7): 'purple triangle', (5, 8): 'green triangle', (8, 7): 'green square', (4, 3): 'purple square'}",5,S,"{'receiver': ['A1', 'A2', 'B2'], 'signaler': ['C3'], 'flipped': ['B1']}","{'triangle': 'green triangle', 'circle': 'orange circle', 'square': 'green square', 'purple': 'purple square', 'green': 'green square', 'orange': 'orange circle'}","{'orange circle': (5, 2), 'purple triangle': (5, 7), 'green triangle': (5, 8), 'green square': (8, 7), 'purple square': (4, 3)}","{'up': '(3, 2), (4, 2), (5, 2), (6, 2), (7, 2), (8, 2)', 'down': '(3, 3), (4, 3), (5, 3), (6, 3), (7, 3), (8, 3)', 'left': '', 'right': ''}","{'orange circle': [(4, 7), (4, 6), (4, 5), (4, 4), (4, 3), (3, 3), (2, 3), (2, 2), (3, 2), (4, 2), (5, 2)], 'purple triangle': [(4, 7), (5, 7)], 'green triangle': [(4, 7), (5, 7), (5, 8)], 'green square': [(4, 7), (5, 7), (6, 7), (7, 7), (8, 7)], 'purple square': [(4, 7), (4, 6), (4, 5), (4, 4), (4, 3)]}","{'orange circle': ['down', 'down', 'down', 'down', 'left', 'left', 'down', 'right', 'right', 'right'], 'purple triangle': ['right'], 'green triangle': ['right', 'up'], 'green square': ['right', 'right', 'right', 'right'], 'purple square': ['down', 'down', 'down', 'down']}","{'orange circle': [(4, 0), (4, 1), (4, 2), (5, 2)], 'purple triangle': [(4, 0), (3, 0), (2, 0), (2, 1), (2, 2), (2, 3), (2, 4), (2, 5), (2, 6), (2, 7), (3, 7), (4, 7), (5, 7)], 'green triangle': [(4, 0), (4, 1), (4, 2), (3, 2), (2, 2), (2, 3), (2, 4), (2, 5), (2, 6), (2, 7), (2, 8), (3, 8), (4, 8), (5, 8)], 'green square': [(4, 0), (4, 1), (4, 2), (3, 2), (2, 2), (2, 3), (2, 4), (2, 5), (2, 6), (2, 7), (3, 7), (4, 7), (5, 7), (6, 7), (7, 7), (8, 7)], 'purple square': [(4, 0), (4, 1), (4, 2), (3, 2), (2, 2), (2, 3), (3, 3), (4, 3)]}","{'orange circle': ['up', 'up', 'right'], 'purple triangle': ['left', 'left', 'up', 'up', 'up', 'up', 'up', 'up', 'up', 'right', 'right', 'right'], 'green triangle': ['up', 'up', 'left', 'left', 'up', 'up', 'up', 'up', 'up', 'up', 'right', 'right', 'right'], 'green square': ['up', 'up', 'left', 'left', 'up', 'up', 'up', 'up', 'up', 'right', 'right', 'right', 'right', 'right', 'right'], 'purple square': ['up', 'up', 'left', 'left', 'up', 'right', 'right']}",triangle
24,"(4, 0)","(4, 7)",orange square,"['orange', 'green', 'purple', 'square', 'circle', 'triangle']","{(1, 5): 'orange square', (0, 9): 'orange circle', (5, 9): 'orange triangle', (0, 5): 'purple square', (5, 3): 'green square'}",5,R,"{'receiver': ['A1', 'A2', 'A3', 'B1'], 'signaler': [], 'flipped': ['C1']}","{'orange': 'orange square', 'green': 'green square', 'purple': 'purple square', 'square': 'orange square', 'circle': 'orange circle', 'triangle': 'orange triangle'}","{'orange square': (1, 5), 'orange circle': (0, 9), 'orange triangle': (5, 9), 'purple square': (0, 5), 'green square': (5, 3)}","{'up': '(3, 5), (4, 5), (5, 5), (6, 5), (7, 5), (8, 5)', 'down': '(3, 6), (4, 6), (5, 6), (6, 6), (7, 6), (8, 6)', 'left': '', 'right': ''}","{'orange square': [(4, 7), (4, 6), (3, 6), (2, 6), (1, 6), (1, 5)], 'orange circle': [(4, 7), (3, 7), (2, 7), (1, 7), (0, 7), (0, 8), (0, 9)], 'orange triangle': [(4, 7), (4, 8), (4, 9), (5, 9)], 'purple square': [(4, 7), (3, 7), (2, 7), (1, 7), (0, 7), (0, 6), (0, 5)], 'green square': [(4, 7), (3, 7), (2, 7), (2, 6), (2, 5), (2, 4), (2, 3), (3, 3), (4, 3), (5, 3)]}","{'orange square': ['down', 'left', 'left', 'left', 'down'], 'orange circle': ['left', 'left', 'left', 'left', 'up', 'up'], 'orange triangle': ['up', 'up', 'right'], 'purple square': ['left', 'left', 'left', 'left', 'down', 'down'], 'green square': ['left', 'left', 'down', 'down', 'down', 'down', 'right', 'right', 'right']}","{'orange square': [(4, 0), (4, 1), (4, 2), (4, 3), (4, 4), (4, 5), (3, 5), (2, 5), (1, 5)], 'orange circle': [(4, 0), (4, 1), (4, 2), (4, 3), (4, 4), (4, 5), (3, 5), (2, 5), (2, 6), (2, 7), (2, 8), (2, 9), (1, 9), (0, 9)], 'orange triangle': [(4, 0), (3, 0), (2, 0), (2, 1), (2, 2), (2, 3), (2, 4), (2, 5), (2, 6), (2, 7), (2, 8), (2, 9), (3, 9), (4, 9), (5, 9)], 'purple square': [(4, 0), (4, 1), (4, 2), (4, 3), (4, 4), (4, 5), (3, 5), (2, 5), (1, 5), (0, 5)], 'green square': [(4, 0), (5, 0), (5, 1), (5, 2), (5, 3)]}","{'orange square': ['up', 'up', 'up', 'up', 'up', 'left', 'left', 'left'], 'orange circle': ['up', 'up', 'up', 'up', 'up', 'left', 'left', 'up', 'up', 'up', 'up', 'left', 'left'], 'orange triangle': ['left', 'left', 'up', 'up', 'up', 'up', 'up', 'up', 'up', 'up', 'up', 'right', 'right', 'right'], 'purple square': ['up', 'up', 'up', 'up', 'up', 'left', 'left', 'left', 'left'], 'green square': ['right', 'up', 'up', 'up']}",square
25,"(4, 0)","(4, 7)",orange square,"['orange', 'green', 'purple', 'square', 'circle', 'triangle']","{(1, 5): 'orange square', (0, 9): 'orange circle', (5, 9): 'orange triangle', (0, 5): 'purple square', (5, 3): 'green square'}",5,S,"{'receiver': ['A1', 'A2', 'A3', 'B1'], 'signaler': [], 'flipped': ['C1']}","{'orange': 'orange square', 'green': 'green square', 'purple': 'purple square', 'square': 'orange square', 'circle': 'orange circle', 'triangle': 'orange triangle'}","{'orange square': (1, 5), 'orange circle': (0, 9), 'orange triangle': (5, 9), 'purple square': (0, 5), 'green square': (5, 3)}","{'up': '(3, 2), (4, 2), (5, 2), (6, 2), (7, 2), (8, 2)', 'down': '(3, 3), (4, 3), (5, 3), (6, 3), (7, 3), (8, 3)', 'left': '', 'right': ''}","{'orange square': [(4, 7), (3, 7), (2, 7), (1, 7), (1, 6), (1, 5)], 'orange circle': [(4, 7), (4, 8), (4, 9), (3, 9), (2, 9), (1, 9), (0, 9)], 'orange triangle': [(4, 7), (4, 8), (4, 9), (5, 9)], 'purple square': [(4, 7), (3, 7), (2, 7), (1, 7), (0, 7), (0, 6), (0, 5)], 'green square': [(4, 7), (5, 7), (5, 6), (5, 5), (5, 4), (5, 3)]}","{'orange square': ['left', 'left', 'left', 'down', 'down'], 'orange circle': ['up', 'up', 'left', 'left', 'left', 'left'], 'orange triangle': ['up', 'up', 'right'], 'purple square': ['left', 'left', 'left', 'left', 'down', 'down'], 'green square': ['right', 'down', 'down', 'down', 'down']}","{'orange square': [(4, 0), (4, 1), (4, 2), (3, 2), (2, 2), (1, 2), (1, 3), (1, 4), (1, 5)], 'orange circle': [(4, 0), (4, 1), (4, 2), (3, 2), (2, 2), (1, 2), (0, 2), (0, 3), (0, 4), (0, 5), (0, 6), (0, 7), (0, 8), (0, 9)], 'orange triangle': [(4, 0), (3, 0), (2, 0), (2, 1), (2, 2), (2, 3), (2, 4), (2, 5), (2, 6), (2, 7), (2, 8), (2, 9), (3, 9), (4, 9), (5, 9)], 'purple square': [(4, 0), (3, 0), (2, 0), (2, 1), (2, 2), (2, 3), (2, 4), (2, 5), (1, 5), (0, 5)], 'green square': [(4, 0), (3, 0), (2, 0), (2, 1), (2, 2), (2, 3), (3, 3), (4, 3), (5, 3)]}","{'orange square': ['up', 'up', 'left', 'left', 'left', 'up', 'up', 'up'], 'orange circle': ['up', 'up', 'left', 'left', 'left', 'left', 'up', 'up', 'up', 'up', 'up', 'up', 'up'], 'orange triangle': ['left', 'left', 'up', 'up', 'up', 'up', 'up', 'up', 'up', 'up', 'up', 'right', 'right', 'right'], 'purple square': ['left', 'left', 'up', 'up', 'up', 'up', 'up', 'left', 'left'], 'green square': ['left', 'left', 'up', 'up', 'up', 'right', 'right', 'right']}",orange
26,"(4, 0)","(4, 7)",green circle,"['circle', 'triangle', 'square', 'green', 'orange', 'purple']","{(1, 9): 'green circle', (4, 9): 'orange circle', (8, 6): 'purple circle', (2, 8): 'green square', (6, 4): 'green triangle'}",5,R,"{'receiver': ['A1', 'A2', 'A3', 'B1'], 'signaler': [], 'flipped': ['C1']}","{'circle': 'green circle', 'triangle': 'green triangle', 'square': 'green square', 'green': 'green circle', 'orange': 'orange circle', 'purple': 'purple circle'}","{'green circle': (1, 9), 'orange circle': (4, 9), 'purple circle': (8, 6), 'green square': (2, 8), 'green triangle': (6, 4)}","{'up': '(3, 5), (4, 5), (5, 5), (6, 5), (7, 5), (8, 5)', 'down': '(3, 6), (4, 6), (5, 6), (6, 6), (7, 6), (8, 6)', 'left': '', 'right': ''}","{'green circle': [(4, 7), (4, 8), (4, 9), (3, 9), (2, 9), (1, 9)], 'orange circle': [(4, 7), (4, 8), (4, 9)], 'purple circle': [(4, 7), (5, 7), (6, 7), (7, 7), (8, 7), (8, 6)], 'green square': [(4, 7), (4, 8), (3, 8), (2, 8)], 'green triangle': [(4, 7), (4, 6), (3, 6), (2, 6), (2, 5), (2, 4), (3, 4), (4, 4), (5, 4), (6, 4)]}","{'green circle': ['up', 'up', 'left', 'left', 'left'], 'orange circle': ['up', 'up'], 'purple circle': ['right', 'right', 'right', 'right', 'down'], 'green square': ['up', 'left', 'left'], 'green triangle': ['down', 'left', 'left', 'down', 'down', 'right', 'right', 'right', 'right']}","{'green circle': [(4, 0), (3, 0), (2, 0), (1, 0), (1, 1), (1, 2), (1, 3), (1, 4), (1, 5), (1, 6), (1, 7), (1, 8), (1, 9)], 'orange circle': [(4, 0), (3, 0), (2, 0), (2, 1), (2, 2), (2, 3), (2, 4), (2, 5), (2, 6), (2, 7), (2, 8), (2, 9), (3, 9), (4, 9)], 'purple circle': [(4, 0), (3, 0), (2, 0), (2, 1), (2, 2), (2, 3), (2, 4), (2, 5), (2, 6), (3, 6), (4, 6), (5, 6), (6, 6), (7, 6), (8, 6)], 'green square': [(4, 0), (3, 0), (2, 0), (2, 1), (2, 2), (2, 3), (2, 4), (2, 5), (2, 6), (2, 7), (2, 8)], 'green triangle': [(4, 0), (5, 0), (6, 0), (6, 1), (6, 2), (6, 3), (6, 4)]}","{'green circle': ['left', 'left', 'left', 'up', 'up', 'up', 'up', 'up', 'up', 'up', 'up', 'up'], 'orange circle': ['left', 'left', 'up', 'up', 'up', 'up', 'up', 'up', 'up', 'up', 'up', 'right', 'right'], 'purple circle': ['left', 'left', 'up', 'up', 'up', 'up', 'up', 'up', 'right', 'right', 'right', 'right', 'right', 'right'], 'green square': ['left', 'left', 'up', 'up', 'up', 'up', 'up', 'up', 'up', 'up'], 'green triangle': ['right', 'right', 'up', 'up', 'up', 'up']}",circle
27,"(4, 0)","(4, 7)",green circle,"['circle', 'triangle', 'square', 'green', 'orange', 'purple']","{(1, 9): 'green circle', (4, 9): 'orange circle', (8, 6): 'purple circle', (2, 8): 'green square', (6, 4): 'green triangle'}",5,S,"{'receiver': ['A1', 'A2', 'A3', 'B1'], 'signaler': [], 'flipped': ['C1']}","{'circle': 'green circle', 'triangle': 'green triangle', 'square': 'green square', 'green': 'green circle', 'orange': 'orange circle', 'purple': 'purple circle'}","{'green circle': (1, 9), 'orange circle': (4, 9), 'purple circle': (8, 6), 'green square': (2, 8), 'green triangle': (6, 4)}","{'up': '(3, 2), (4, 2), (5, 2), (6, 2), (7, 2), (8, 2)', 'down': '(3, 3), (4, 3), (5, 3), (6, 3), (7, 3), (8, 3)', 'left': '', 'right': ''}","{'green circle': [(4, 7), (3, 7), (2, 7), (1, 7), (1, 8), (1, 9)], 'orange circle': [(4, 7), (4, 8), (4, 9)], 'purple circle': [(4, 7), (5, 7), (6, 7), (7, 7), (8, 7), (8, 6)], 'green square': [(4, 7), (3, 7), (2, 7), (2, 8)], 'green triangle': [(4, 7), (4, 6), (4, 5), (4, 4), (5, 4), (6, 4)]}","{'green circle': ['left', 'left', 'left', 'up', 'up'], 'orange circle': ['up', 'up'], 'purple circle': ['right', 'right', 'right', 'right', 'down'], 'green square': ['left', 'left', 'up'], 'green triangle': ['down', 'down', 'down', 'right', 'right']}","{'green circle': [(4, 0), (3, 0), (2, 0), (1, 0), (1, 1), (1, 2), (1, 3), (1, 4), (1, 5), (1, 6), (1, 7), (1, 8), (1, 9)], 'orange circle': [(4, 0), (3, 0), (2, 0), (2, 1), (2, 2), (2, 3), (2, 4), (2, 5), (2, 6), (2, 7), (2, 8), (2, 9), (3, 9), (4, 9)], 'purple circle': [(4, 0), (3, 0), (2, 0), (2, 1), (2, 2), (2, 3), (2, 4), (2, 5), (2, 6), (3, 6), (4, 6), (5, 6), (6, 6), (7, 6), (8, 6)], 'green square': [(4, 0), (4, 1), (4, 2), (3, 2), (2, 2), (2, 3), (2, 4), (2, 5), (2, 6), (2, 7), (2, 8)], 'green triangle': [(4, 0), (3, 0), (2, 0), (2, 1), (2, 2), (2, 3), (2, 4), (3, 4), (4, 4), (5, 4), (6, 4)]}","{'green circle': ['left', 'left', 'left', 'up', 'up', 'up', 'up', 'up', 'up', 'up', 'up', 'up'], 'orange circle': ['left', 'left', 'up', 'up', 'up', 'up', 'up', 'up', 'up', 'up', 'up', 'right', 'right'], 'purple circle': ['left', 'left', 'up', 'up', 'up', 'up', 'up', 'up', 'right', 'right', 'right', 'right', 'right', 'right'], 'green square': ['up', 'up', 'left', 'left', 'up', 'up', 'up', 'up', 'up', 'up'], 'green triangle': ['left', 'left', 'up', 'up', 'up', 'up', 'right', 'right', 'right', 'right']}",circle
28,"(4, 0)","(4, 7)",green square,"['square', 'circle', 'triangle', 'green', 'purple', 'orange']","{(3, 7): 'green square', (1, 8): 'purple square', (4, 9): 'orange square', (7, 7): 'green triangle', (4, 4): 'green circle'}",5,R,"{'receiver': ['A1', 'A2', 'A3', 'B1'], 'signaler': [], 'flipped': ['C1']}","{'square': 'green square', 'circle': 'green circle', 'triangle': 'green triangle', 'green': 'green square', 'purple': 'purple square', 'orange': 'orange square'}","{'green square': (3, 7), 'purple square': (1, 8), 'orange square': (4, 9), 'green triangle': (7, 7), 'green circle': (4, 4)}","{'up': '(3, 5), (4, 5), (5, 5), (6, 5), (7, 5), (8, 5)', 'down': '(3, 6), (4, 6), (5, 6), (6, 6), (7, 6), (8, 6)', 'left': '', 'right': ''}","{'green square': [(4, 7), (3, 7)], 'purple square': [(4, 7), (4, 8), (3, 8), (2, 8), (1, 8)], 'orange square': [(4, 7), (4, 8), (4, 9)], 'green triangle': [(4, 7), (5, 7), (6, 7), (7, 7)], 'green circle': [(4, 7), (3, 7), (2, 7), (2, 6), (2, 5), (2, 4), (3, 4), (4, 4)]}","{'green square': ['left'], 'purple square': ['up', 'left', 'left', 'left'], 'orange square': ['up', 'up'], 'green triangle': ['right', 'right', 'right'], 'green circle': ['left', 'left', 'down', 'down', 'down', 'right', 'right']}","{'green square': [(4, 0), (4, 1), (4, 2), (4, 3), (4, 4), (4, 5), (3, 5), (2, 5), (2, 6), (2, 7), (3, 7)], 'purple square': [(4, 0), (3, 0), (2, 0), (1, 0), (1, 1), (1, 2), (1, 3), (1, 4), (1, 5), (1, 6), (1, 7), (1, 8)], 'orange square': [(4, 0), (4, 1), (4, 2), (4, 3), (4, 4), (4, 5), (3, 5), (2, 5), (2, 6), (2, 7), (2, 8), (2, 9), (3, 9), (4, 9)], 'green triangle': [(4, 0), (3, 0), (2, 0), (2, 1), (2, 2), (2, 3), (2, 4), (2, 5), (2, 6), (2, 7), (3, 7), (4, 7), (5, 7), (6, 7), (7, 7)], 'green circle': [(4, 0), (4, 1), (4, 2), (4, 3), (4, 4)]}","{'green square': ['up', 'up', 'up', 'up', 'up', 'left', 'left', 'up', 'up', 'right'], 'purple square': ['left', 'left', 'left', 'up', 'up', 'up', 'up', 'up', 'up', 'up', 'up'], 'orange square': ['up', 'up', 'up', 'up', 'up', 'left', 'left', 'up', 'up', 'up', 'up', 'right', 'right'], 'green triangle': ['left', 'left', 'up', 'up', 'up', 'up', 'up', 'up', 'up', 'right', 'right', 'right', 'right', 'right'], 'green circle': ['up', 'up', 'up', 'up']}",green
29,"(4, 0)","(4, 7)",green square,"['square', 'circle', 'triangle', 'green', 'purple', 'orange']","{(3, 7): 'green square', (1, 8): 'purple square', (4, 9): 'orange square', (7, 7): 'green triangle', (4, 4): 'green circle'}",5,S,"{'receiver': ['A1', 'A2', 'A3', 'B1'], 'signaler': [], 'flipped': ['C1']}","{'square': 'green square', 'circle': 'green circle', 'triangle': 'green triangle', 'green': 'green square', 'purple': 'purple square', 'orange': 'orange square'}","{'green square': (3, 7), 'purple square': (1, 8), 'orange square': (4, 9), 'green triangle': (7, 7), 'green circle': (4, 4)}","{'up': '(3, 2), (4, 2), (5, 2), (6, 2), (7, 2), (8, 2)', 'down': '(3, 3), (4, 3), (5, 3), (6, 3), (7, 3), (8, 3)', 'left': '', 'right': ''}","{'green square': [(4, 7), (3, 7)], 'purple square': [(4, 7), (4, 8), (3, 8), (2, 8), (1, 8)], 'orange square': [(4, 7), (4, 8), (4, 9)], 'green triangle': [(4, 7), (5, 7), (6, 7), (7, 7)], 'green circle': [(4, 7), (4, 6), (4, 5), (4, 4)]}","{'green square': ['left'], 'purple square': ['up', 'left', 'left', 'left'], 'orange square': ['up', 'up'], 'green triangle': ['right', 'right', 'right'], 'green circle': ['down', 'down', 'down']}","{'green square': [(4, 0), (4, 1), (4, 2), (3, 2), (2, 2), (2, 3), (2, 4), (2, 5), (2, 6), (2, 7), (3, 7)], 'purple square': [(4, 0), (4, 1), (4, 2), (3, 2), (2, 2), (1, 2), (1, 3), (1, 4), (1, 5), (1, 6), (1, 7), (1, 8)], 'orange square': [(4, 0), (4, 1), (4, 2), (3, 2), (2, 2), (2, 3), (2, 4), (2, 5), (2, 6), (2, 7), (2, 8), (2, 9), (3, 9), (4, 9)], 'green triangle': [(4, 0), (3, 0), (2, 0), (2, 1), (2, 2), (2, 3), (2, 4), (2, 5), (2, 6), (2, 7), (3, 7), (4, 7), (5, 7), (6, 7), (7, 7)], 'green circle': [(4, 0), (4, 1), (4, 2), (3, 2), (2, 2), (2, 3), (2, 4), (3, 4), (4, 4)]}","{'green square': ['up', 'up', 'left', 'left', 'up', 'up', 'up', 'up', 'up', 'right'], 'purple square': ['up', 'up', 'left', 'left', 'left', 'up', 'up', 'up', 'up', 'up', 'up'], 'orange square': ['up', 'up', 'left', 'left', 'up', 'up', 'up', 'up', 'up', 'up', 'up', 'right', 'right'], 'green triangle': ['left', 'left', 'up', 'up', 'up', 'up', 'up', 'up', 'up', 'right', 'right', 'right', 'right', 'right'], 'green circle': ['up', 'up', 'left', 'left', 'up', 'up', 'right', 'right']}",green
30,"(4, 0)","(4, 7)",green square,"['green', 'purple', 'orange', 'square', 'circle', 'triangle']","{(1, 9): 'green square', (8, 6): 'green circle', (1, 5): 'green triangle', (8, 8): 'orange square', (4, 4): 'purple square'}",5,R,"{'receiver': ['A1', 'A2', 'A3', 'B1'], 'signaler': [], 'flipped': ['C1']}","{'green': 'green square', 'purple': 'purple square', 'orange': 'orange square', 'square': 'green square', 'circle': 'green circle', 'triangle': 'green triangle'}","{'green square': (1, 9), 'green circle': (8, 6), 'green triangle': (1, 5), 'orange square': (8, 8), 'purple square': (4, 4)}","{'up': '(3, 5), (4, 5), (5, 5), (6, 5), (7, 5), (8, 5)', 'down': '(3, 6), (4, 6), (5, 6), (6, 6), (7, 6), (8, 6)', 'left': '', 'right': ''}","{'green square': [(4, 7), (4, 8), (4, 9), (3, 9), (2, 9), (1, 9)], 'green circle': [(4, 7), (5, 7), (6, 7), (7, 7), (8, 7), (8, 6)], 'green triangle': [(4, 7), (4, 6), (3, 6), (2, 6), (1, 6), (1, 5)], 'orange square': [(4, 7), (4, 8), (5, 8), (6, 8), (7, 8), (8, 8)], 'purple square': [(4, 7), (3, 7), (2, 7), (2, 6), (2, 5), (2, 4), (3, 4), (4, 4)]}","{'green square': ['up', 'up', 'left', 'left', 'left'], 'green circle': ['right', 'right', 'right', 'right', 'down'], 'green triangle': ['down', 'left', 'left', 'left', 'down'], 'orange square': ['up', 'right', 'right', 'right', 'right'], 'purple square': ['left', 'left', 'down', 'down', 'down', 'right', 'right']}","{'green square': [(4, 0), (3, 0), (2, 0), (1, 0), (1, 1), (1, 2), (1, 3), (1, 4), (1, 5), (1, 6), (1, 7), (1, 8), (1, 9)], 'green circle': [(4, 0), (3, 0), (2, 0), (2, 1), (2, 2), (2, 3), (2, 4), (2, 5), (2, 6), (3, 6), (4, 6), (5, 6), (6, 6), (7, 6), (8, 6)], 'green triangle': [(4, 0), (4, 1), (4, 2), (4, 3), (4, 4), (4, 5), (3, 5), (2, 5), (1, 5)], 'orange square': [(4, 0), (4, 1), (4, 2), (4, 3), (4, 4), (4, 5), (3, 5), (2, 5), (2, 6), (2, 7), (2, 8), (3, 8), (4, 8), (5, 8), (6, 8), (7, 8), (8, 8)], 'purple square': [(4, 0), (4, 1), (4, 2), (4, 3), (4, 4)]}","{'green square': ['left', 'left', 'left', 'up', 'up', 'up', 'up', 'up', 'up', 'up', 'up', 'up'], 'green circle': ['left', 'left', 'up', 'up', 'up', 'up', 'up', 'up', 'right', 'right', 'right', 'right', 'right', 'right'], 'green triangle': ['up', 'up', 'up', 'up', 'up', 'left', 'left', 'left'], 'orange square': ['up', 'up', 'up', 'up', 'up', 'left', 'left', 'up', 'up', 'up', 'right', 'right', 'right', 'right', 'right', 'right'], 'purple square': ['up', 'up', 'up', 'up']}",green
31,"(4, 0)","(4, 7)",green square,"['green', 'purple', 'orange', 'square', 'circle', 'triangle']","{(1, 9): 'green square', (8, 6): 'green circle', (1, 5): 'green triangle', (8, 8): 'orange square', (4, 4): 'purple square'}",5,S,"{'receiver': ['A1', 'A2', 'A3', 'B1'], 'signaler': [], 'flipped': ['C1']}","{'green': 'green square', 'purple': 'purple square', 'orange': 'orange square', 'square': 'green square', 'circle': 'green circle', 'triangle': 'green triangle'}","{'green square': (1, 9), 'green circle': (8, 6), 'green triangle': (1, 5), 'orange square': (8, 8), 'purple square': (4, 4)}","{'up': '(3, 2), (4, 2), (5, 2), (6, 2), (7, 2), (8, 2)', 'down': '(3, 3), (4, 3), (5, 3), (6, 3), (7, 3), (8, 3)', 'left': '', 'right': ''}","{'green square': [(4, 7), (3, 7), (2, 7), (1, 7), (1, 8), (1, 9)], 'green circle': [(4, 7), (4, 6), (5, 6), (6, 6), (7, 6), (8, 6)], 'green triangle': [(4, 7), (4, 6), (4, 5), (3, 5), (2, 5), (1, 5)], 'orange square': [(4, 7), (4, 8), (5, 8), (6, 8), (7, 8), (8, 8)], 'purple square': [(4, 7), (4, 6), (4, 5), (4, 4)]}","{'green square': ['left', 'left', 'left', 'up', 'up'], 'green circle': ['down', 'right', 'right', 'right', 'right'], 'green triangle': ['down', 'down', 'left', 'left', 'left'], 'orange square': ['up', 'right', 'right', 'right', 'right'], 'purple square': ['down', 'down', 'down']}","{'green square': [(4, 0), (4, 1), (4, 2), (3, 2), (2, 2), (1, 2), (1, 3), (1, 4), (1, 5), (1, 6), (1, 7), (1, 8), (1, 9)], 'green circle': [(4, 0), (4, 1), (4, 2), (3, 2), (2, 2), (2, 3), (2, 4), (2, 5), (2, 6), (3, 6), (4, 6), (5, 6), (6, 6), (7, 6), (8, 6)], 'green triangle': [(4, 0), (4, 1), (4, 2), (3, 2), (2, 2), (1, 2), (1, 3), (1, 4), (1, 5)], 'orange square': [(4, 0), (4, 1), (4, 2), (3, 2), (2, 2), (2, 3), (2, 4), (2, 5), (2, 6), (2, 7), (2, 8), (3, 8), (4, 8), (5, 8), (6, 8), (7, 8), (8, 8)], 'purple square': [(4, 0), (4, 1), (4, 2), (3, 2), (2, 2), (2, 3), (2, 4), (3, 4), (4, 4)]}","{'green square': ['up', 'up', 'left', 'left', 'left', 'up', 'up', 'up', 'up', 'up', 'up', 'up'], 'green circle': ['up', 'up', 'left', 'left', 'up', 'up', 'up', 'up', 'right', 'right', 'right', 'right', 'right', 'right'], 'green triangle': ['up', 'up', 'left', 'left', 'left', 'up', 'up', 'up'], 'orange square': ['up', 'up', 'left', 'left', 'up', 'up', 'up', 'up', 'up', 'up', 'right', 'right', 'right', 'right', 'right', 'right'], 'purple square': ['up', 'up', 'left', 'left', 'up', 'up', 'right', 'right']}",square
32,"(4, 0)","(4, 7)",green square,"['green', 'purple', 'orange', 'square', 'triangle', 'circle']","{(0, 9): 'green square', (4, 6): 'green triangle', (6, 9): 'green circle', (8, 7): 'orange square', (4, 4): 'purple square'}",5,R,"{'receiver': ['A1', 'A2', 'A3', 'B1'], 'signaler': [], 'flipped': ['C1']}","{'green': 'green square', 'purple': 'purple square', 'orange': 'orange square', 'square': 'green square', 'triangle': 'green triangle', 'circle': 'green circle'}","{'green square': (0, 9), 'green triangle': (4, 6), 'green circle': (6, 9), 'orange square': (8, 7), 'purple square': (4, 4)}","{'up': '(3, 5), (4, 5), (5, 5), (6, 5), (7, 5), (8, 5)', 'down': '(3, 6), (4, 6), (5, 6), (6, 6), (7, 6), (8, 6)', 'left': '', 'right': ''}","{'green square': [(4, 7), (4, 8), (4, 9), (3, 9), (2, 9), (1, 9), (0, 9)], 'green triangle': [(4, 7), (4, 6)], 'green circle': [(4, 7), (4, 8), (4, 9), (5, 9), (6, 9)], 'orange square': [(4, 7), (5, 7), (6, 7), (7, 7), (8, 7)], 'purple square': [(4, 7), (3, 7), (2, 7), (2, 6), (2, 5), (2, 4), (3, 4), (4, 4)]}","{'green square': ['up', 'up', 'left', 'left', 'left', 'left'], 'green triangle': ['down'], 'green circle': ['up', 'up', 'right', 'right'], 'orange square': ['right', 'right', 'right', 'right'], 'purple square': ['left', 'left', 'down', 'down', 'down', 'right', 'right']}","{'green square': [(4, 0), (3, 0), (2, 0), (1, 0), (0, 0), (0, 1), (0, 2), (0, 3), (0, 4), (0, 5), (0, 6), (0, 7), (0, 8), (0, 9)], 'green triangle': [(4, 0), (4, 1), (4, 2), (4, 3), (4, 4), (4, 5), (3, 5), (2, 5), (2, 6), (3, 6), (4, 6)], 'green circle': [(4, 0), (4, 1), (4, 2), (4, 3), (4, 4), (4, 5), (3, 5), (2, 5), (2, 6), (2, 7), (2, 8), (2, 9), (3, 9), (4, 9), (5, 9), (6, 9)], 'orange square': [(4, 0), (4, 1), (4, 2), (4, 3), (4, 4), (4, 5), (3, 5), (2, 5), (2, 6), (2, 7), (3, 7), (4, 7), (5, 7), (6, 7), (7, 7), (8, 7)], 'purple square': [(4, 0), (4, 1), (4, 2), (4, 3), (4, 4)]}","{'green square': ['left', 'left', 'left', 'left', 'up', 'up', 'up', 'up', 'up', 'up', 'up', 'up', 'up'], 'green triangle': ['up', 'up', 'up', 'up', 'up', 'left', 'left', 'up', 'right', 'right'], 'green circle': ['up', 'up', 'up', 'up', 'up', 'left', 'left', 'up', 'up', 'up', 'up', 'right', 'right', 'right', 'right'], 'orange square': ['up', 'up', 'up', 'up', 'up', 'left', 'left', 'up', 'up', 'right', 'right', 'right', 'right', 'right', 'right'], 'purple square': ['up', 'up', 'up', 'up']}",green
33,"(4, 0)","(4, 7)",green square,"['green', 'purple', 'orange', 'square', 'triangle', 'circle']","{(0, 9): 'green square', (4, 6): 'green triangle', (6, 9): 'green circle', (8, 7): 'orange square', (4, 4): 'purple square'}",5,S,"{'receiver': ['A1', 'A2', 'A3', 'B1'], 'signaler': [], 'flipped': ['C1']}","{'green': 'green square', 'purple': 'purple square', 'orange': 'orange square', 'square': 'green square', 'triangle': 'green triangle', 'circle': 'green circle'}","{'green square': (0, 9), 'green triangle': (4, 6), 'green circle': (6, 9), 'orange square': (8, 7), 'purple square': (4, 4)}","{'up': '(3, 2), (4, 2), (5, 2), (6, 2), (7, 2), (8, 2)', 'down': '(3, 3), (4, 3), (5, 3), (6, 3), (7, 3), (8, 3)', 'left': '', 'right': ''}","{'green square': [(4, 7), (4, 8), (4, 9), (3, 9), (2, 9), (1, 9), (0, 9)], 'green triangle': [(4, 7), (4, 6)], 'green circle': [(4, 7), (5, 7), (6, 7), (6, 8), (6, 9)], 'orange square': [(4, 7), (5, 7), (6, 7), (7, 7), (8, 7)], 'purple square': [(4, 7), (4, 6), (4, 5), (4, 4)]}","{'green square': ['up', 'up', 'left', 'left', 'left', 'left'], 'green triangle': ['down'], 'green circle': ['right', 'right', 'up', 'up'], 'orange square': ['right', 'right', 'right', 'right'], 'purple square': ['down', 'down', 'down']}","{'green square': [(4, 0), (4, 1), (4, 2), (3, 2), (2, 2), (1, 2), (0, 2), (0, 3), (0, 4), (0, 5), (0, 6), (0, 7), (0, 8), (0, 9)], 'green triangle': [(4, 0), (3, 0), (2, 0), (2, 1), (2, 2), (2, 3), (2, 4), (2, 5), (2, 6), (3, 6), (4, 6)], 'green circle': [(4, 0), (3, 0), (3, 1), (3, 2), (2, 2), (2, 3), (2, 4), (2, 5), (2, 6), (2, 7), (2, 8), (2, 9), (3, 9), (4, 9), (5, 9), (6, 9)], 'orange square': [(4, 0), (4, 1), (4, 2), (3, 2), (2, 2), (2, 3), (2, 4), (2, 5), (2, 6), (2, 7), (3, 7), (4, 7), (5, 7), (6, 7), (7, 7), (8, 7)], 'purple square': [(4, 0), (4, 1), (4, 2), (3, 2), (2, 2), (2, 3), (2, 4), (3, 4), (4, 4)]}","{'green square': ['up', 'up', 'left', 'left', 'left', 'left', 'up', 'up', 'up', 'up', 'up', 'up', 'up'], 'green triangle': ['left', 'left', 'up', 'up', 'up', 'up', 'up', 'up', 'right', 'right'], 'green circle': ['left', 'up', 'up', 'left', 'up', 'up', 'up', 'up', 'up', 'up', 'up', 'right', 'right', 'right', 'right'], 'orange square': ['up', 'up', 'left', 'left', 'up', 'up', 'up', 'up', 'up', 'right', 'right', 'right', 'right', 'right', 'right'], 'purple square': ['up', 'up', 'left', 'left', 'up', 'up', 'right', 'right']}",green
34,"(4, 0)","(4, 7)",orange triangle,"['triangle', 'circle', 'square', 'orange', 'green', 'purple']","{(2, 6): 'orange triangle', (1, 9): 'green triangle', (5, 9): 'purple triangle', (0, 7): 'orange square', (6, 3): 'orange circle'}",5,R,"{'receiver': ['A1', 'A2', 'A3', 'B1'], 'signaler': [], 'flipped': ['C1']}","{'triangle': 'orange triangle', 'circle': 'orange circle', 'square': 'orange square', 'orange': 'orange triangle', 'green': 'green triangle', 'purple': 'purple triangle'}","{'orange triangle': (2, 6), 'green triangle': (1, 9), 'purple triangle': (5, 9), 'orange square': (0, 7), 'orange circle': (6, 3)}","{'up': '(3, 5), (4, 5), (5, 5), (6, 5), (7, 5), (8, 5)', 'down': '(3, 6), (4, 6), (5, 6), (6, 6), (7, 6), (8, 6)', 'left': '', 'right': ''}","{'orange triangle': [(4, 7), (3, 7), (2, 7), (2, 6)], 'green triangle': [(4, 7), (4, 8), (4, 9), (3, 9), (2, 9), (1, 9)], 'purple triangle': [(4, 7), (4, 8), (4, 9), (5, 9)], 'orange square': [(4, 7), (3, 7), (2, 7), (1, 7), (0, 7)], 'orange circle': [(4, 7), (4, 6), (3, 6), (2, 6), (2, 5), (2, 4), (2, 3), (3, 3), (4, 3), (5, 3), (6, 3)]}","{'orange triangle': ['left', 'left', 'down'], 'green triangle': ['up', 'up', 'left', 'left', 'left'], 'purple triangle': ['up', 'up', 'right'], 'orange square': ['left', 'left', 'left', 'left'], 'orange circle': ['down', 'left', 'left', 'down', 'down', 'down', 'right', 'right', 'right', 'right']}","{'orange triangle': [(4, 0), (4, 1), (4, 2), (4, 3), (4, 4), (4, 5), (3, 5), (2, 5), (2, 6)], 'green triangle': [(4, 0), (3, 0), (2, 0), (1, 0), (1, 1), (1, 2), (1, 3), (1, 4), (1, 5), (1, 6), (1, 7), (1, 8), (1, 9)], 'purple triangle': [(4, 0), (3, 0), (2, 0), (2, 1), (2, 2), (2, 3), (2, 4), (2, 5), (2, 6), (2, 7), (2, 8), (2, 9), (3, 9), (4, 9), (5, 9)], 'orange square': [(4, 0), (3, 0), (2, 0), (1, 0), (0, 0), (0, 1), (0, 2), (0, 3), (0, 4), (0, 5), (0, 6), (0, 7)], 'orange circle': [(4, 0), (5, 0), (6, 0), (6, 1), (6, 2), (6, 3)]}","{'orange triangle': ['up', 'up', 'up', 'up', 'up', 'left', 'left', 'up'], 'green triangle': ['left', 'left', 'left', 'up', 'up', 'up', 'up', 'up', 'up', 'up', 'up', 'up'], 'purple triangle': ['left', 'left', 'up', 'up', 'up', 'up', 'up', 'up', 'up', 'up', 'up', 'right', 'right', 'right'], 'orange square': ['left', 'left', 'left', 'left', 'up', 'up', 'up', 'up', 'up', 'up', 'up'], 'orange circle': ['right', 'right', 'up', 'up', 'up']}",orange
35,"(4, 0)","(4, 7)",orange triangle,"['triangle', 'circle', 'square', 'orange', 'green', 'purple']","{(2, 6): 'orange triangle', (1, 9): 'green triangle', (5, 9): 'purple triangle', (0, 7): 'orange square', (6, 3): 'orange circle'}",5,S,"{'receiver': ['A1', 'A2', 'A3', 'B1'], 'signaler': [], 'flipped': ['C1']}","{'triangle': 'orange triangle', 'circle': 'orange circle', 'square': 'orange square', 'orange': 'orange triangle', 'green': 'green triangle', 'purple': 'purple triangle'}","{'orange triangle': (2, 6), 'green triangle': (1, 9), 'purple triangle': (5, 9), 'orange square': (0, 7), 'orange circle': (6, 3)}","{'up': '(3, 2), (4, 2), (5, 2), (6, 2), (7, 2), (8, 2)', 'down': '(3, 3), (4, 3), (5, 3), (6, 3), (7, 3), (8, 3)', 'left': '', 'right': ''}","{'orange triangle': [(4, 7), (3, 7), (2, 7), (2, 6)], 'green triangle': [(4, 7), (4, 8), (4, 9), (3, 9), (2, 9), (1, 9)], 'purple triangle': [(4, 7), (5, 7), (5, 8), (5, 9)], 'orange square': [(4, 7), (3, 7), (2, 7), (1, 7), (0, 7)], 'orange circle': [(4, 7), (5, 7), (6, 7), (6, 6), (6, 5), (6, 4), (6, 3)]}","{'orange triangle': ['left', 'left', 'down'], 'green triangle': ['up', 'up', 'left', 'left', 'left'], 'purple triangle': ['right', 'up', 'up'], 'orange square': ['left', 'left', 'left', 'left'], 'orange circle': ['right', 'right', 'down', 'down', 'down', 'down']}","{'orange triangle': [(4, 0), (4, 1), (4, 2), (3, 2), (2, 2), (2, 3), (2, 4), (2, 5), (2, 6)], 'green triangle': [(4, 0), (4, 1), (4, 2), (3, 2), (2, 2), (1, 2), (1, 3), (1, 4), (1, 5), (1, 6), (1, 7), (1, 8), (1, 9)], 'purple triangle': [(4, 0), (4, 1), (4, 2), (3, 2), (2, 2), (2, 3), (2, 4), (2, 5), (2, 6), (2, 7), (2, 8), (2, 9), (3, 9), (4, 9), (5, 9)], 'orange square': [(4, 0), (3, 0), (2, 0), (1, 0), (0, 0), (0, 1), (0, 2), (0, 3), (0, 4), (0, 5), (0, 6), (0, 7)], 'orange circle': [(4, 0), (4, 1), (4, 2), (3, 2), (2, 2), (2, 3), (3, 3), (4, 3), (5, 3), (6, 3)]}","{'orange triangle': ['up', 'up', 'left', 'left', 'up', 'up', 'up', 'up'], 'green triangle': ['up', 'up', 'left', 'left', 'left', 'up', 'up', 'up', 'up', 'up', 'up', 'up'], 'purple triangle': ['up', 'up', 'left', 'left', 'up', 'up', 'up', 'up', 'up', 'up', 'up', 'right', 'right', 'right'], 'orange square': ['left', 'left', 'left', 'left', 'up', 'up', 'up', 'up', 'up', 'up', 'up'], 'orange circle': ['up', 'up', 'left', 'left', 'up', 'right', 'right', 'right', 'right']}",orange
