,signalerLocation,receiverLocation,intention,signalSpace,targetDictionary,nTargets,barrier,abstractSetup,predSignalNoActionUtility,rotation,revTargetDict,recTraj,recActSeq,sigTraj,sigActSeq
0,"(4, 0)","(4, 6)",green triangle75,"['square', 'purple', 'triangle', 'green']","{(7, 5): 'green triangle75', (1, 7): 'green square17', (5, 9): 'purple triangle59'}",3,N,PragOnly,green,0,"{'green triangle75': (7, 5), 'green square17': (1, 7), 'purple triangle59': (5, 9)}","{'green triangle75': [(4, 6), (5, 6), (6, 6), (7, 6), (7, 5)], 'green square17': [(4, 6), (4, 7), (3, 7), (2, 7), (1, 7)], 'purple triangle59': [(4, 6), (5, 6), (5, 7), (5, 8), (5, 9)]}","{'green triangle75': ['right', 'right', 'right', 'down'], 'green square17': ['up', 'left', 'left', 'left'], 'purple triangle59': ['right', 'up', 'up', 'up']}","{'green triangle75': [(4, 0), (4, 1), (4, 2), (4, 3), (4, 4), (4, 5), (5, 5), (6, 5), (7, 5)], 'green square17': [(4, 0), (3, 0), (2, 0), (1, 0), (1, 1), (1, 2), (1, 3), (1, 4), (1, 5), (1, 6), (1, 7)], 'purple triangle59': [(4, 0), (4, 1), (4, 2), (4, 3), (4, 4), (4, 5), (4, 6), (4, 7), (4, 8), (4, 9), (5, 9)]}","{'green triangle75': ['up', 'up', 'up', 'up', 'up', 'right', 'right', 'right'], 'green square17': ['left', 'left', 'left', 'up', 'up', 'up', 'up', 'up', 'up', 'up'], 'purple triangle59': ['up', 'up', 'up', 'up', 'up', 'up', 'up', 'up', 'up', 'right']}"
1,"(0, 5)","(6, 5)",orange circle59,"['square', 'orange', 'circle', 'green']","{(5, 9): 'orange circle59', (7, 1): 'orange square71', (4, 3): 'green circle43'}",3,N,PragOnly,orange,90,"{'orange circle59': (5, 9), 'orange square71': (7, 1), 'green circle43': (4, 3)}","{'orange circle59': [(6, 5), (6, 6), (6, 7), (6, 8), (6, 9), (5, 9)], 'orange square71': [(6, 5), (6, 4), (6, 3), (6, 2), (6, 1), (7, 1)], 'green circle43': [(6, 5), (6, 4), (6, 3), (5, 3), (4, 3)]}","{'orange circle59': ['up', 'up', 'up', 'up', 'left'], 'orange square71': ['down', 'down', 'down', 'down', 'right'], 'green circle43': ['down', 'down', 'left', 'left']}","{'orange circle59': [(0, 5), (1, 5), (2, 5), (3, 5), (4, 5), (5, 5), (5, 6), (5, 7), (5, 8), (5, 9)], 'orange square71': [(0, 5), (0, 4), (0, 3), (0, 2), (0, 1), (1, 1), (2, 1), (3, 1), (4, 1), (5, 1), (6, 1), (7, 1)], 'green circle43': [(0, 5), (0, 4), (0, 3), (1, 3), (2, 3), (3, 3), (4, 3)]}","{'orange circle59': ['right', 'right', 'right', 'right', 'right', 'up', 'up', 'up', 'up'], 'orange square71': ['down', 'down', 'down', 'down', 'right', 'right', 'right', 'right', 'right', 'right', 'right'], 'green circle43': ['down', 'down', 'right', 'right', 'right', 'right']}"
2,"(5, 9)","(5, 3)",orange square11,"['square', 'orange', 'triangle', 'green']","{(1, 1): 'orange square11', (8, 0): 'orange triangle80', (8, 5): 'green square85'}",3,N,PragOnly,orange,180,"{'orange square11': (1, 1), 'orange triangle80': (8, 0), 'green square85': (8, 5)}","{'orange square11': [(5, 3), (4, 3), (3, 3), (2, 3), (1, 3), (1, 2), (1, 1)], 'orange triangle80': [(5, 3), (6, 3), (7, 3), (8, 3), (8, 2), (8, 1), (8, 0)], 'green square85': [(5, 3), (5, 4), (5, 5), (6, 5), (7, 5), (8, 5)]}","{'orange square11': ['left', 'left', 'left', 'left', 'down', 'down'], 'orange triangle80': ['right', 'right', 'right', 'down', 'down', 'down'], 'green square85': ['up', 'up', 'right', 'right', 'right']}","{'orange square11': [(5, 9), (4, 9), (3, 9), (2, 9), (1, 9), (1, 8), (1, 7), (1, 6), (1, 5), (1, 4), (1, 3), (1, 2), (1, 1)], 'orange triangle80': [(5, 9), (6, 9), (7, 9), (8, 9), (8, 8), (8, 7), (8, 6), (8, 5), (8, 4), (8, 3), (8, 2), (8, 1), (8, 0)], 'green square85': [(5, 9), (5, 8), (5, 7), (5, 6), (5, 5), (6, 5), (7, 5), (8, 5)]}","{'orange square11': ['left', 'left', 'left', 'left', 'down', 'down', 'down', 'down', 'down', 'down', 'down', 'down'], 'orange triangle80': ['right', 'right', 'right', 'down', 'down', 'down', 'down', 'down', 'down', 'down', 'down', 'down'], 'green square85': ['down', 'down', 'down', 'down', 'right', 'right', 'right']}"
3,"(9, 4)","(3, 4)",orange triangle07,"['orange', 'circle', 'triangle', 'green']","{(0, 7): 'orange triangle07', (0, 1): 'orange circle01', (4, 0): 'green triangle40'}",3,N,PragOnly,orange,270,"{'orange triangle07': (0, 7), 'orange circle01': (0, 1), 'green triangle40': (4, 0)}","{'orange triangle07': [(3, 4), (3, 5), (3, 6), (3, 7), (2, 7), (1, 7), (0, 7)], 'orange circle01': [(3, 4), (2, 4), (1, 4), (0, 4), (0, 3), (0, 2), (0, 1)], 'green triangle40': [(3, 4), (4, 4), (4, 3), (4, 2), (4, 1), (4, 0)]}","{'orange triangle07': ['up', 'up', 'up', 'left', 'left', 'left'], 'orange circle01': ['left', 'left', 'left', 'down', 'down', 'down'], 'green triangle40': ['right', 'down', 'down', 'down', 'down']}","{'orange triangle07': [(9, 4), (9, 5), (9, 6), (9, 7), (8, 7), (7, 7), (6, 7), (5, 7), (4, 7), (3, 7), (2, 7), (1, 7), (0, 7)], 'orange circle01': [(9, 4), (8, 4), (7, 4), (6, 4), (5, 4), (4, 4), (3, 4), (2, 4), (1, 4), (0, 4), (0, 3), (0, 2), (0, 1)], 'green triangle40': [(9, 4), (9, 3), (9, 2), (9, 1), (9, 0), (8, 0), (7, 0), (6, 0), (5, 0), (4, 0)]}","{'orange triangle07': ['up', 'up', 'up', 'left', 'left', 'left', 'left', 'left', 'left', 'left', 'left', 'left'], 'orange circle01': ['left', 'left', 'left', 'left', 'left', 'left', 'left', 'left', 'left', 'down', 'down', 'down'], 'green triangle40': ['down', 'down', 'down', 'down', 'left', 'left', 'left', 'left', 'left']}"
4,"(4, 0)","(4, 6)",green circle29,"['square', 'circle', 'purple', 'green']","{(2, 9): 'green circle29', (6, 9): 'green square69', (5, 4): 'purple circle54'}",3,N,PragOnly,green,0,"{'green circle29': (2, 9), 'green square69': (6, 9), 'purple circle54': (5, 4)}","{'green circle29': [(4, 6), (3, 6), (2, 6), (2, 7), (2, 8), (2, 9)], 'green square69': [(4, 6), (4, 7), (4, 8), (4, 9), (5, 9), (6, 9)], 'purple circle54': [(4, 6), (4, 5), (4, 4), (5, 4)]}","{'green circle29': ['left', 'left', 'up', 'up', 'up'], 'green square69': ['up', 'up', 'up', 'right', 'right'], 'purple circle54': ['down', 'down', 'right']}","{'green circle29': [(4, 0), (3, 0), (2, 0), (2, 1), (2, 2), (2, 3), (2, 4), (2, 5), (2, 6), (2, 7), (2, 8), (2, 9)], 'green square69': [(4, 0), (4, 1), (4, 2), (4, 3), (4, 4), (4, 5), (4, 6), (4, 7), (4, 8), (4, 9), (5, 9), (6, 9)], 'purple circle54': [(4, 0), (4, 1), (4, 2), (4, 3), (4, 4), (5, 4)]}","{'green circle29': ['left', 'left', 'up', 'up', 'up', 'up', 'up', 'up', 'up', 'up', 'up'], 'green square69': ['up', 'up', 'up', 'up', 'up', 'up', 'up', 'up', 'up', 'right', 'right'], 'purple circle54': ['up', 'up', 'up', 'up', 'right']}"
5,"(0, 5)","(6, 5)",green square94,"['square', 'purple', 'triangle', 'green']","{(9, 4): 'green square94', (8, 7): 'green triangle87', (5, 1): 'purple square51'}",3,N,PragOnly,green,90,"{'green square94': (9, 4), 'green triangle87': (8, 7), 'purple square51': (5, 1)}","{'green square94': [(6, 5), (6, 4), (7, 4), (8, 4), (9, 4)], 'green triangle87': [(6, 5), (7, 5), (8, 5), (8, 6), (8, 7)], 'purple square51': [(6, 5), (5, 5), (5, 4), (5, 3), (5, 2), (5, 1)]}","{'green square94': ['down', 'right', 'right', 'right'], 'green triangle87': ['right', 'right', 'up', 'up'], 'purple square51': ['left', 'down', 'down', 'down', 'down']}","{'green square94': [(0, 5), (0, 4), (1, 4), (2, 4), (3, 4), (4, 4), (5, 4), (6, 4), (7, 4), (8, 4), (9, 4)], 'green triangle87': [(0, 5), (1, 5), (2, 5), (3, 5), (4, 5), (5, 5), (6, 5), (7, 5), (8, 5), (8, 6), (8, 7)], 'purple square51': [(0, 5), (0, 4), (1, 4), (2, 4), (3, 4), (4, 4), (5, 4), (5, 3), (5, 2), (5, 1)]}","{'green square94': ['down', 'right', 'right', 'right', 'right', 'right', 'right', 'right', 'right', 'right'], 'green triangle87': ['right', 'right', 'right', 'right', 'right', 'right', 'right', 'right', 'up', 'up'], 'purple square51': ['down', 'right', 'right', 'right', 'right', 'right', 'down', 'down', 'down']}"
6,"(5, 9)","(5, 3)",green triangle85,"['purple', 'circle', 'triangle', 'green']","{(8, 5): 'green triangle85', (1, 4): 'green circle14', (9, 1): 'purple triangle91'}",3,N,PragOnly,green,180,"{'green triangle85': (8, 5), 'green circle14': (1, 4), 'purple triangle91': (9, 1)}","{'green triangle85': [(5, 3), (6, 3), (7, 3), (8, 3), (8, 4), (8, 5)], 'green circle14': [(5, 3), (4, 3), (3, 3), (2, 3), (1, 3), (1, 4)], 'purple triangle91': [(5, 3), (6, 3), (7, 3), (8, 3), (9, 3), (9, 2), (9, 1)]}","{'green triangle85': ['right', 'right', 'right', 'up', 'up'], 'green circle14': ['left', 'left', 'left', 'left', 'up'], 'purple triangle91': ['right', 'right', 'right', 'right', 'down', 'down']}","{'green triangle85': [(5, 9), (6, 9), (7, 9), (8, 9), (8, 8), (8, 7), (8, 6), (8, 5)], 'green circle14': [(5, 9), (5, 8), (5, 7), (5, 6), (5, 5), (5, 4), (4, 4), (3, 4), (2, 4), (1, 4)], 'purple triangle91': [(5, 9), (5, 8), (5, 7), (5, 6), (5, 5), (5, 4), (5, 3), (6, 3), (7, 3), (8, 3), (9, 3), (9, 2), (9, 1)]}","{'green triangle85': ['right', 'right', 'right', 'down', 'down', 'down', 'down'], 'green circle14': ['down', 'down', 'down', 'down', 'down', 'left', 'left', 'left', 'left'], 'purple triangle91': ['down', 'down', 'down', 'down', 'down', 'down', 'right', 'right', 'right', 'right', 'down', 'down']}"
7,"(9, 4)","(3, 4)",purple circle26,"['square', 'orange', 'circle', 'purple']","{(2, 6): 'purple circle26', (5, 3): 'purple square53', (0, 2): 'orange circle02'}",3,N,PragOnly,purple,270,"{'purple circle26': (2, 6), 'purple square53': (5, 3), 'orange circle02': (0, 2)}","{'purple circle26': [(3, 4), (2, 4), (2, 5), (2, 6)], 'purple square53': [(3, 4), (3, 3), (4, 3), (5, 3)], 'orange circle02': [(3, 4), (3, 3), (3, 2), (2, 2), (1, 2), (0, 2)]}","{'purple circle26': ['left', 'up', 'up'], 'purple square53': ['down', 'right', 'right'], 'orange circle02': ['down', 'down', 'left', 'left', 'left']}","{'purple circle26': [(9, 4), (8, 4), (7, 4), (6, 4), (5, 4), (4, 4), (3, 4), (2, 4), (2, 5), (2, 6)], 'purple square53': [(9, 4), (9, 3), (8, 3), (7, 3), (6, 3), (5, 3)], 'orange circle02': [(9, 4), (8, 4), (7, 4), (6, 4), (5, 4), (4, 4), (3, 4), (2, 4), (1, 4), (0, 4), (0, 3), (0, 2)]}","{'purple circle26': ['left', 'left', 'left', 'left', 'left', 'left', 'left', 'up', 'up'], 'purple square53': ['down', 'left', 'left', 'left', 'left'], 'orange circle02': ['left', 'left', 'left', 'left', 'left', 'left', 'left', 'left', 'left', 'down', 'down']}"
8,"(4, 0)","(4, 6)",purple square85,"['square', 'orange', 'triangle', 'purple']","{(8, 5): 'purple square85', (2, 9): 'purple triangle29', (1, 4): 'orange square14'}",3,N,PragOnly,purple,0,"{'purple square85': (8, 5), 'purple triangle29': (2, 9), 'orange square14': (1, 4)}","{'purple square85': [(4, 6), (4, 5), (5, 5), (6, 5), (7, 5), (8, 5)], 'purple triangle29': [(4, 6), (4, 7), (4, 8), (4, 9), (3, 9), (2, 9)], 'orange square14': [(4, 6), (3, 6), (2, 6), (1, 6), (1, 5), (1, 4)]}","{'purple square85': ['down', 'right', 'right', 'right', 'right'], 'purple triangle29': ['up', 'up', 'up', 'left', 'left'], 'orange square14': ['left', 'left', 'left', 'down', 'down']}","{'purple square85': [(4, 0), (5, 0), (6, 0), (7, 0), (8, 0), (8, 1), (8, 2), (8, 3), (8, 4), (8, 5)], 'purple triangle29': [(4, 0), (4, 1), (4, 2), (4, 3), (4, 4), (4, 5), (4, 6), (4, 7), (4, 8), (4, 9), (3, 9), (2, 9)], 'orange square14': [(4, 0), (3, 0), (3, 1), (3, 2), (3, 3), (3, 4), (2, 4), (1, 4)]}","{'purple square85': ['right', 'right', 'right', 'right', 'up', 'up', 'up', 'up', 'up'], 'purple triangle29': ['up', 'up', 'up', 'up', 'up', 'up', 'up', 'up', 'up', 'left', 'left'], 'orange square14': ['left', 'up', 'up', 'up', 'up', 'left', 'left']}"
9,"(0, 5)","(6, 5)",purple triangle89,"['orange', 'circle', 'triangle', 'purple']","{(8, 9): 'purple triangle89', (8, 1): 'purple circle81', (4, 8): 'orange triangle48'}",3,N,PragOnly,purple,90,"{'purple triangle89': (8, 9), 'purple circle81': (8, 1), 'orange triangle48': (4, 8)}","{'purple triangle89': [(6, 5), (6, 6), (6, 7), (6, 8), (6, 9), (7, 9), (8, 9)], 'purple circle81': [(6, 5), (6, 4), (6, 3), (6, 2), (6, 1), (7, 1), (8, 1)], 'orange triangle48': [(6, 5), (6, 6), (6, 7), (6, 8), (5, 8), (4, 8)]}","{'purple triangle89': ['up', 'up', 'up', 'up', 'right', 'right'], 'purple circle81': ['down', 'down', 'down', 'down', 'right', 'right'], 'orange triangle48': ['up', 'up', 'up', 'left', 'left']}","{'purple triangle89': [(0, 5), (1, 5), (2, 5), (3, 5), (4, 5), (5, 5), (6, 5), (7, 5), (8, 5), (8, 6), (8, 7), (8, 8), (8, 9)], 'purple circle81': [(0, 5), (0, 4), (0, 3), (0, 2), (0, 1), (1, 1), (2, 1), (3, 1), (4, 1), (5, 1), (6, 1), (7, 1), (8, 1)], 'orange triangle48': [(0, 5), (0, 6), (0, 7), (0, 8), (1, 8), (2, 8), (3, 8), (4, 8)]}","{'purple triangle89': ['right', 'right', 'right', 'right', 'right', 'right', 'right', 'right', 'up', 'up', 'up', 'up'], 'purple circle81': ['down', 'down', 'down', 'down', 'right', 'right', 'right', 'right', 'right', 'right', 'right', 'right'], 'orange triangle48': ['up', 'up', 'up', 'right', 'right', 'right', 'right']}"
10,"(5, 9)","(5, 3)",orange circle50,"['square', 'orange', 'circle', 'green']","{(5, 0): 'orange circle50', (4, 5): 'green circle45', (8, 4): 'orange square84'}",3,N,PragOnly,circle,180,"{'orange circle50': (5, 0), 'green circle45': (4, 5), 'orange square84': (8, 4)}","{'orange circle50': [(5, 3), (5, 2), (5, 1), (5, 0)], 'green circle45': [(5, 3), (5, 4), (5, 5), (4, 5)], 'orange square84': [(5, 3), (5, 4), (6, 4), (7, 4), (8, 4)]}","{'orange circle50': ['down', 'down', 'down'], 'green circle45': ['up', 'up', 'left'], 'orange square84': ['up', 'right', 'right', 'right']}","{'orange circle50': [(5, 9), (5, 8), (5, 7), (5, 6), (5, 5), (5, 4), (5, 3), (5, 2), (5, 1), (5, 0)], 'green circle45': [(5, 9), (4, 9), (4, 8), (4, 7), (4, 6), (4, 5)], 'orange square84': [(5, 9), (6, 9), (7, 9), (8, 9), (8, 8), (8, 7), (8, 6), (8, 5), (8, 4)]}","{'orange circle50': ['down', 'down', 'down', 'down', 'down', 'down', 'down', 'down', 'down'], 'green circle45': ['left', 'down', 'down', 'down', 'down'], 'orange square84': ['right', 'right', 'right', 'down', 'down', 'down', 'down', 'down']}"
11,"(9, 4)","(3, 4)",orange square01,"['square', 'orange', 'triangle', 'green']","{(0, 1): 'orange square01', (5, 8): 'green square58', (4, 0): 'orange triangle40'}",3,N,PragOnly,square,270,"{'orange square01': (0, 1), 'green square58': (5, 8), 'orange triangle40': (4, 0)}","{'orange square01': [(3, 4), (2, 4), (1, 4), (0, 4), (0, 3), (0, 2), (0, 1)], 'green square58': [(3, 4), (4, 4), (5, 4), (5, 5), (5, 6), (5, 7), (5, 8)], 'orange triangle40': [(3, 4), (3, 3), (3, 2), (3, 1), (3, 0), (4, 0)]}","{'orange square01': ['left', 'left', 'left', 'down', 'down', 'down'], 'green square58': ['right', 'right', 'up', 'up', 'up', 'up'], 'orange triangle40': ['down', 'down', 'down', 'down', 'right']}","{'orange square01': [(9, 4), (9, 3), (9, 2), (9, 1), (8, 1), (7, 1), (6, 1), (5, 1), (4, 1), (3, 1), (2, 1), (1, 1), (0, 1)], 'green square58': [(9, 4), (8, 4), (7, 4), (6, 4), (5, 4), (5, 5), (5, 6), (5, 7), (5, 8)], 'orange triangle40': [(9, 4), (9, 3), (9, 2), (9, 1), (9, 0), (8, 0), (7, 0), (6, 0), (5, 0), (4, 0)]}","{'orange square01': ['down', 'down', 'down', 'left', 'left', 'left', 'left', 'left', 'left', 'left', 'left', 'left'], 'green square58': ['left', 'left', 'left', 'left', 'up', 'up', 'up', 'up'], 'orange triangle40': ['down', 'down', 'down', 'down', 'left', 'left', 'left', 'left', 'left']}"
12,"(4, 0)","(4, 6)",orange triangle15,"['orange', 'circle', 'triangle', 'green']","{(1, 5): 'orange triangle15', (6, 8): 'green triangle68', (7, 4): 'orange circle74'}",3,N,PragOnly,triangle,0,"{'orange triangle15': (1, 5), 'green triangle68': (6, 8), 'orange circle74': (7, 4)}","{'orange triangle15': [(4, 6), (3, 6), (2, 6), (1, 6), (1, 5)], 'green triangle68': [(4, 6), (5, 6), (6, 6), (6, 7), (6, 8)], 'orange circle74': [(4, 6), (5, 6), (6, 6), (7, 6), (7, 5), (7, 4)]}","{'orange triangle15': ['left', 'left', 'left', 'down'], 'green triangle68': ['right', 'right', 'up', 'up'], 'orange circle74': ['right', 'right', 'right', 'down', 'down']}","{'orange triangle15': [(4, 0), (4, 1), (4, 2), (4, 3), (4, 4), (4, 5), (3, 5), (2, 5), (1, 5)], 'green triangle68': [(4, 0), (5, 0), (6, 0), (6, 1), (6, 2), (6, 3), (6, 4), (6, 5), (6, 6), (6, 7), (6, 8)], 'orange circle74': [(4, 0), (4, 1), (4, 2), (4, 3), (4, 4), (5, 4), (6, 4), (7, 4)]}","{'orange triangle15': ['up', 'up', 'up', 'up', 'up', 'left', 'left', 'left'], 'green triangle68': ['right', 'right', 'up', 'up', 'up', 'up', 'up', 'up', 'up', 'up'], 'orange circle74': ['up', 'up', 'up', 'up', 'right', 'right', 'right']}"
13,"(0, 5)","(6, 5)",green circle43,"['square', 'circle', 'purple', 'green']","{(4, 3): 'green circle43', (6, 9): 'purple circle69', (9, 6): 'green square96'}",3,N,PragOnly,circle,90,"{'green circle43': (4, 3), 'purple circle69': (6, 9), 'green square96': (9, 6)}","{'green circle43': [(6, 5), (5, 5), (4, 5), (4, 4), (4, 3)], 'purple circle69': [(6, 5), (6, 6), (6, 7), (6, 8), (6, 9)], 'green square96': [(6, 5), (6, 6), (7, 6), (8, 6), (9, 6)]}","{'green circle43': ['left', 'left', 'down', 'down'], 'purple circle69': ['up', 'up', 'up', 'up'], 'green square96': ['up', 'right', 'right', 'right']}","{'green circle43': [(0, 5), (1, 5), (2, 5), (3, 5), (4, 5), (4, 4), (4, 3)], 'purple circle69': [(0, 5), (1, 5), (2, 5), (3, 5), (4, 5), (5, 5), (6, 5), (6, 6), (6, 7), (6, 8), (6, 9)], 'green square96': [(0, 5), (1, 5), (2, 5), (3, 5), (4, 5), (5, 5), (6, 5), (7, 5), (8, 5), (9, 5), (9, 6)]}","{'green circle43': ['right', 'right', 'right', 'right', 'down', 'down'], 'purple circle69': ['right', 'right', 'right', 'right', 'right', 'right', 'up', 'up', 'up', 'up'], 'green square96': ['right', 'right', 'right', 'right', 'right', 'right', 'right', 'right', 'right', 'up']}"
14,"(5, 9)","(5, 3)",green square31,"['square', 'triangle', 'purple', 'green']","{(3, 1): 'green square31', (6, 0): 'purple square60', (6, 5): 'green triangle65'}",3,N,PragOnly,square,180,"{'green square31': (3, 1), 'purple square60': (6, 0), 'green triangle65': (6, 5)}","{'green square31': [(5, 3), (5, 2), (5, 1), (4, 1), (3, 1)], 'purple square60': [(5, 3), (5, 2), (5, 1), (5, 0), (6, 0)], 'green triangle65': [(5, 3), (5, 4), (5, 5), (6, 5)]}","{'green square31': ['down', 'down', 'left', 'left'], 'purple square60': ['down', 'down', 'down', 'right'], 'green triangle65': ['up', 'up', 'right']}","{'green square31': [(5, 9), (5, 8), (5, 7), (5, 6), (5, 5), (5, 4), (5, 3), (5, 2), (5, 1), (4, 1), (3, 1)], 'purple square60': [(5, 9), (5, 8), (6, 8), (6, 7), (6, 6), (6, 5), (6, 4), (6, 3), (6, 2), (6, 1), (6, 0)], 'green triangle65': [(5, 9), (5, 8), (5, 7), (5, 6), (5, 5), (6, 5)]}","{'green square31': ['down', 'down', 'down', 'down', 'down', 'down', 'down', 'down', 'left', 'left'], 'purple square60': ['down', 'right', 'down', 'down', 'down', 'down', 'down', 'down', 'down', 'down'], 'green triangle65': ['down', 'down', 'down', 'down', 'right']}"
15,"(9, 4)","(3, 4)",green triangle30,"['purple', 'circle', 'triangle', 'green']","{(3, 0): 'green triangle30', (1, 2): 'purple triangle12', (4, 8): 'green circle48'}",3,N,PragOnly,triangle,270,"{'green triangle30': (3, 0), 'purple triangle12': (1, 2), 'green circle48': (4, 8)}","{'green triangle30': [(3, 4), (3, 3), (3, 2), (3, 1), (3, 0)], 'purple triangle12': [(3, 4), (3, 3), (3, 2), (2, 2), (1, 2)], 'green circle48': [(3, 4), (4, 4), (4, 5), (4, 6), (4, 7), (4, 8)]}","{'green triangle30': ['down', 'down', 'down', 'down'], 'purple triangle12': ['down', 'down', 'left', 'left'], 'green circle48': ['right', 'up', 'up', 'up', 'up']}","{'green triangle30': [(9, 4), (8, 4), (7, 4), (6, 4), (5, 4), (4, 4), (3, 4), (3, 3), (3, 2), (3, 1), (3, 0)], 'purple triangle12': [(9, 4), (8, 4), (7, 4), (6, 4), (5, 4), (4, 4), (3, 4), (2, 4), (1, 4), (1, 3), (1, 2)], 'green circle48': [(9, 4), (8, 4), (7, 4), (6, 4), (5, 4), (4, 4), (4, 5), (4, 6), (4, 7), (4, 8)]}","{'green triangle30': ['left', 'left', 'left', 'left', 'left', 'left', 'down', 'down', 'down', 'down'], 'purple triangle12': ['left', 'left', 'left', 'left', 'left', 'left', 'left', 'left', 'down', 'down'], 'green circle48': ['left', 'left', 'left', 'left', 'left', 'up', 'up', 'up', 'up']}"
16,"(4, 0)","(4, 6)",purple circle87,"['square', 'orange', 'circle', 'purple']","{(8, 7): 'purple circle87', (0, 7): 'orange circle07', (3, 4): 'purple square34'}",3,N,PragOnly,circle,0,"{'purple circle87': (8, 7), 'orange circle07': (0, 7), 'purple square34': (3, 4)}","{'purple circle87': [(4, 6), (4, 7), (5, 7), (6, 7), (7, 7), (8, 7)], 'orange circle07': [(4, 6), (4, 7), (3, 7), (2, 7), (1, 7), (0, 7)], 'purple square34': [(4, 6), (4, 5), (4, 4), (3, 4)]}","{'purple circle87': ['up', 'right', 'right', 'right', 'right'], 'orange circle07': ['up', 'left', 'left', 'left', 'left'], 'purple square34': ['down', 'down', 'left']}","{'purple circle87': [(4, 0), (4, 1), (4, 2), (4, 3), (4, 4), (4, 5), (4, 6), (4, 7), (5, 7), (6, 7), (7, 7), (8, 7)], 'orange circle07': [(4, 0), (3, 0), (2, 0), (1, 0), (0, 0), (0, 1), (0, 2), (0, 3), (0, 4), (0, 5), (0, 6), (0, 7)], 'purple square34': [(4, 0), (3, 0), (3, 1), (3, 2), (3, 3), (3, 4)]}","{'purple circle87': ['up', 'up', 'up', 'up', 'up', 'up', 'up', 'right', 'right', 'right', 'right'], 'orange circle07': ['left', 'left', 'left', 'left', 'up', 'up', 'up', 'up', 'up', 'up', 'up'], 'purple square34': ['left', 'up', 'up', 'up', 'up']}"
17,"(0, 5)","(6, 5)",purple square87,"['square', 'orange', 'triangle', 'purple']","{(8, 7): 'purple square87', (7, 2): 'orange square72', (4, 9): 'purple triangle49'}",3,N,PragOnly,square,90,"{'purple square87': (8, 7), 'orange square72': (7, 2), 'purple triangle49': (4, 9)}","{'purple square87': [(6, 5), (7, 5), (8, 5), (8, 6), (8, 7)], 'orange square72': [(6, 5), (7, 5), (7, 4), (7, 3), (7, 2)], 'purple triangle49': [(6, 5), (6, 6), (6, 7), (6, 8), (6, 9), (5, 9), (4, 9)]}","{'purple square87': ['right', 'right', 'up', 'up'], 'orange square72': ['right', 'down', 'down', 'down'], 'purple triangle49': ['up', 'up', 'up', 'up', 'left', 'left']}","{'purple square87': [(0, 5), (0, 6), (0, 7), (1, 7), (2, 7), (3, 7), (4, 7), (5, 7), (6, 7), (7, 7), (8, 7)], 'orange square72': [(0, 5), (1, 5), (2, 5), (3, 5), (4, 5), (5, 5), (6, 5), (7, 5), (7, 4), (7, 3), (7, 2)], 'purple triangle49': [(0, 5), (1, 5), (2, 5), (3, 5), (4, 5), (4, 6), (4, 7), (4, 8), (4, 9)]}","{'purple square87': ['up', 'up', 'right', 'right', 'right', 'right', 'right', 'right', 'right', 'right'], 'orange square72': ['right', 'right', 'right', 'right', 'right', 'right', 'right', 'down', 'down', 'down'], 'purple triangle49': ['right', 'right', 'right', 'right', 'up', 'up', 'up', 'up']}"
18,"(5, 9)","(5, 3)",purple triangle22,"['orange', 'circle', 'triangle', 'purple']","{(2, 2): 'purple triangle22', (4, 0): 'orange triangle40', (6, 5): 'purple circle65'}",3,N,PragOnly,triangle,180,"{'purple triangle22': (2, 2), 'orange triangle40': (4, 0), 'purple circle65': (6, 5)}","{'purple triangle22': [(5, 3), (4, 3), (3, 3), (2, 3), (2, 2)], 'orange triangle40': [(5, 3), (5, 2), (5, 1), (5, 0), (4, 0)], 'purple circle65': [(5, 3), (6, 3), (6, 4), (6, 5)]}","{'purple triangle22': ['left', 'left', 'left', 'down'], 'orange triangle40': ['down', 'down', 'down', 'left'], 'purple circle65': ['right', 'up', 'up']}","{'purple triangle22': [(5, 9), (4, 9), (3, 9), (2, 9), (2, 8), (2, 7), (2, 6), (2, 5), (2, 4), (2, 3), (2, 2)], 'orange triangle40': [(5, 9), (5, 8), (5, 7), (5, 6), (5, 5), (5, 4), (5, 3), (5, 2), (5, 1), (5, 0), (4, 0)], 'purple circle65': [(5, 9), (5, 8), (5, 7), (5, 6), (5, 5), (6, 5)]}","{'purple triangle22': ['left', 'left', 'left', 'down', 'down', 'down', 'down', 'down', 'down', 'down'], 'orange triangle40': ['down', 'down', 'down', 'down', 'down', 'down', 'down', 'down', 'down', 'left'], 'purple circle65': ['down', 'down', 'down', 'down', 'right']}"
19,"(9, 4)","(3, 4)",green circle31,"['square', 'orange', 'circle', 'green']","{(3, 1): 'green circle31', (0, 4): 'orange circle04', (5, 8): 'green square58'}",3,N,PragOnly,circle,270,"{'green circle31': (3, 1), 'orange circle04': (0, 4), 'green square58': (5, 8)}","{'green circle31': [(3, 4), (3, 3), (3, 2), (3, 1)], 'orange circle04': [(3, 4), (2, 4), (1, 4), (0, 4)], 'green square58': [(3, 4), (4, 4), (5, 4), (5, 5), (5, 6), (5, 7), (5, 8)]}","{'green circle31': ['down', 'down', 'down'], 'orange circle04': ['left', 'left', 'left'], 'green square58': ['right', 'right', 'up', 'up', 'up', 'up']}","{'green circle31': [(9, 4), (9, 3), (9, 2), (9, 1), (8, 1), (7, 1), (6, 1), (5, 1), (4, 1), (3, 1)], 'orange circle04': [(9, 4), (8, 4), (7, 4), (6, 4), (5, 4), (4, 4), (3, 4), (2, 4), (1, 4), (0, 4)], 'green square58': [(9, 4), (8, 4), (7, 4), (6, 4), (5, 4), (5, 5), (5, 6), (5, 7), (5, 8)]}","{'green circle31': ['down', 'down', 'down', 'left', 'left', 'left', 'left', 'left', 'left'], 'orange circle04': ['left', 'left', 'left', 'left', 'left', 'left', 'left', 'left', 'left'], 'green square58': ['left', 'left', 'left', 'left', 'up', 'up', 'up', 'up']}"
20,"(4, 0)","(4, 6)",orange square87;orange square42,"['square', 'orange', 'triangle', 'green']","{(8, 7): 'orange square87', (4, 2): 'orange square42', (0, 7): 'green triangle07'}",3,N,UtilOnly,orange,0,"{'orange square87': (8, 7), 'orange square42': (4, 2), 'green triangle07': (0, 7)}","{'orange square87': [(4, 6), (4, 7), (5, 7), (6, 7), (7, 7), (8, 7)], 'orange square42': [(4, 6), (4, 5), (4, 4), (4, 3), (4, 2)], 'green triangle07': [(4, 6), (4, 7), (3, 7), (2, 7), (1, 7), (0, 7)]}","{'orange square87': ['up', 'right', 'right', 'right', 'right'], 'orange square42': ['down', 'down', 'down', 'down'], 'green triangle07': ['up', 'left', 'left', 'left', 'left']}","{'orange square87': [(4, 0), (4, 1), (4, 2), (4, 3), (4, 4), (4, 5), (4, 6), (4, 7), (5, 7), (6, 7), (7, 7), (8, 7)], 'orange square42': [(4, 0), (4, 1), (4, 2)], 'green triangle07': [(4, 0), (4, 1), (4, 2), (4, 3), (4, 4), (4, 5), (4, 6), (4, 7), (3, 7), (2, 7), (1, 7), (0, 7)]}","{'orange square87': ['up', 'up', 'up', 'up', 'up', 'up', 'up', 'right', 'right', 'right', 'right'], 'orange square42': ['up', 'up'], 'green triangle07': ['up', 'up', 'up', 'up', 'up', 'up', 'up', 'left', 'left', 'left', 'left']}"
21,"(0, 5)","(6, 5)",orange circle59;orange circle25,"['orange', 'circle', 'triangle', 'green']","{(5, 9): 'orange circle59', (2, 5): 'orange circle25', (7, 1): 'green triangle71'}",3,N,UtilOnly,orange,90,"{'orange circle59': (5, 9), 'orange circle25': (2, 5), 'green triangle71': (7, 1)}","{'orange circle59': [(6, 5), (5, 5), (5, 6), (5, 7), (5, 8), (5, 9)], 'orange circle25': [(6, 5), (5, 5), (4, 5), (3, 5), (2, 5)], 'green triangle71': [(6, 5), (6, 4), (6, 3), (6, 2), (6, 1), (7, 1)]}","{'orange circle59': ['left', 'up', 'up', 'up', 'up'], 'orange circle25': ['left', 'left', 'left', 'left'], 'green triangle71': ['down', 'down', 'down', 'down', 'right']}","{'orange circle59': [(0, 5), (1, 5), (2, 5), (3, 5), (4, 5), (5, 5), (5, 6), (5, 7), (5, 8), (5, 9)], 'orange circle25': [(0, 5), (1, 5), (2, 5)], 'green triangle71': [(0, 5), (1, 5), (2, 5), (3, 5), (4, 5), (5, 5), (6, 5), (7, 5), (7, 4), (7, 3), (7, 2), (7, 1)]}","{'orange circle59': ['right', 'right', 'right', 'right', 'right', 'up', 'up', 'up', 'up'], 'orange circle25': ['right', 'right'], 'green triangle71': ['right', 'right', 'right', 'right', 'right', 'right', 'right', 'down', 'down', 'down', 'down']}"
22,"(5, 9)","(5, 3)",orange square90;orange square47,"['square', 'orange', 'triangle', 'purple']","{(9, 0): 'orange square90', (4, 7): 'orange square47', (2, 0): 'purple triangle20'}",3,N,UtilOnly,orange,180,"{'orange square90': (9, 0), 'orange square47': (4, 7), 'purple triangle20': (2, 0)}","{'orange square90': [(5, 3), (5, 2), (6, 2), (7, 2), (8, 2), (9, 2), (9, 1), (9, 0)], 'orange square47': [(5, 3), (4, 3), (4, 4), (4, 5), (4, 6), (4, 7)], 'purple triangle20': [(5, 3), (5, 2), (5, 1), (5, 0), (4, 0), (3, 0), (2, 0)]}","{'orange square90': ['down', 'right', 'right', 'right', 'right', 'down', 'down'], 'orange square47': ['left', 'up', 'up', 'up', 'up'], 'purple triangle20': ['down', 'down', 'down', 'left', 'left', 'left']}","{'orange square90': [(5, 9), (5, 8), (5, 7), (5, 6), (5, 5), (5, 4), (5, 3), (5, 2), (6, 2), (7, 2), (8, 2), (9, 2), (9, 1), (9, 0)], 'orange square47': [(5, 9), (5, 8), (5, 7), (4, 7)], 'purple triangle20': [(5, 9), (4, 9), (3, 9), (2, 9), (2, 8), (2, 7), (2, 6), (2, 5), (2, 4), (2, 3), (2, 2), (2, 1), (2, 0)]}","{'orange square90': ['down', 'down', 'down', 'down', 'down', 'down', 'down', 'right', 'right', 'right', 'right', 'down', 'down'], 'orange square47': ['down', 'down', 'left'], 'purple triangle20': ['left', 'left', 'left', 'down', 'down', 'down', 'down', 'down', 'down', 'down', 'down', 'down']}"
23,"(9, 4)","(3, 4)",orange triangle17;orange triangle74,"['square', 'orange', 'triangle', 'purple']","{(1, 7): 'orange triangle17', (7, 4): 'orange triangle74', (0, 2): 'purple square02'}",3,N,UtilOnly,orange,270,"{'orange triangle17': (1, 7), 'orange triangle74': (7, 4), 'purple square02': (0, 2)}","{'orange triangle17': [(3, 4), (3, 5), (3, 6), (3, 7), (2, 7), (1, 7)], 'orange triangle74': [(3, 4), (4, 4), (5, 4), (6, 4), (7, 4)], 'purple square02': [(3, 4), (3, 3), (3, 2), (2, 2), (1, 2), (0, 2)]}","{'orange triangle17': ['up', 'up', 'up', 'left', 'left'], 'orange triangle74': ['right', 'right', 'right', 'right'], 'purple square02': ['down', 'down', 'left', 'left', 'left']}","{'orange triangle17': [(9, 4), (9, 5), (9, 6), (9, 7), (8, 7), (7, 7), (6, 7), (5, 7), (4, 7), (3, 7), (2, 7), (1, 7)], 'orange triangle74': [(9, 4), (8, 4), (7, 4)], 'purple square02': [(9, 4), (8, 4), (7, 4), (6, 4), (5, 4), (4, 4), (3, 4), (2, 4), (1, 4), (0, 4), (0, 3), (0, 2)]}","{'orange triangle17': ['up', 'up', 'up', 'left', 'left', 'left', 'left', 'left', 'left', 'left', 'left'], 'orange triangle74': ['left', 'left'], 'purple square02': ['left', 'left', 'left', 'left', 'left', 'left', 'left', 'left', 'left', 'down', 'down']}"
24,"(4, 0)","(4, 6)",green circle79;green circle42,"['square', 'circle', 'purple', 'green']","{(7, 9): 'green circle79', (4, 2): 'green circle42', (0, 4): 'purple square04'}",3,N,UtilOnly,green,0,"{'green circle79': (7, 9), 'green circle42': (4, 2), 'purple square04': (0, 4)}","{'green circle79': [(4, 6), (4, 7), (4, 8), (4, 9), (5, 9), (6, 9), (7, 9)], 'green circle42': [(4, 6), (4, 5), (4, 4), (4, 3), (4, 2)], 'purple square04': [(4, 6), (4, 5), (4, 4), (3, 4), (2, 4), (1, 4), (0, 4)]}","{'green circle79': ['up', 'up', 'up', 'right', 'right', 'right'], 'green circle42': ['down', 'down', 'down', 'down'], 'purple square04': ['down', 'down', 'left', 'left', 'left', 'left']}","{'green circle79': [(4, 0), (4, 1), (4, 2), (4, 3), (4, 4), (4, 5), (4, 6), (4, 7), (4, 8), (4, 9), (5, 9), (6, 9), (7, 9)], 'green circle42': [(4, 0), (4, 1), (4, 2)], 'purple square04': [(4, 0), (3, 0), (2, 0), (2, 1), (2, 2), (2, 3), (2, 4), (1, 4), (0, 4)]}","{'green circle79': ['up', 'up', 'up', 'up', 'up', 'up', 'up', 'up', 'up', 'right', 'right', 'right'], 'green circle42': ['up', 'up'], 'purple square04': ['left', 'left', 'up', 'up', 'up', 'up', 'left', 'left']}"
25,"(0, 5)","(6, 5)",green square51;green square25,"['square', 'circle', 'purple', 'green']","{(5, 1): 'green square51', (2, 5): 'green square25', (9, 9): 'purple circle99'}",3,N,UtilOnly,green,90,"{'green square51': (5, 1), 'green square25': (2, 5), 'purple circle99': (9, 9)}","{'green square51': [(6, 5), (5, 5), (5, 4), (5, 3), (5, 2), (5, 1)], 'green square25': [(6, 5), (5, 5), (4, 5), (3, 5), (2, 5)], 'purple circle99': [(6, 5), (7, 5), (8, 5), (9, 5), (9, 6), (9, 7), (9, 8), (9, 9)]}","{'green square51': ['left', 'down', 'down', 'down', 'down'], 'green square25': ['left', 'left', 'left', 'left'], 'purple circle99': ['right', 'right', 'right', 'up', 'up', 'up', 'up']}","{'green square51': [(0, 5), (0, 4), (1, 4), (2, 4), (3, 4), (4, 4), (5, 4), (5, 3), (5, 2), (5, 1)], 'green square25': [(0, 5), (1, 5), (2, 5)], 'purple circle99': [(0, 5), (1, 5), (2, 5), (3, 5), (4, 5), (5, 5), (6, 5), (7, 5), (8, 5), (9, 5), (9, 6), (9, 7), (9, 8), (9, 9)]}","{'green square51': ['down', 'right', 'right', 'right', 'right', 'right', 'down', 'down', 'down'], 'green square25': ['right', 'right'], 'purple circle99': ['right', 'right', 'right', 'right', 'right', 'right', 'right', 'right', 'right', 'up', 'up', 'up', 'up']}"
26,"(5, 9)","(5, 3)",green triangle81;green triangle57,"['orange', 'circle', 'triangle', 'green']","{(8, 1): 'green triangle81', (5, 7): 'green triangle57', (2, 0): 'orange circle20'}",3,N,UtilOnly,green,180,"{'green triangle81': (8, 1), 'green triangle57': (5, 7), 'orange circle20': (2, 0)}","{'green triangle81': [(5, 3), (6, 3), (7, 3), (8, 3), (8, 2), (8, 1)], 'green triangle57': [(5, 3), (5, 4), (5, 5), (5, 6), (5, 7)], 'orange circle20': [(5, 3), (4, 3), (3, 3), (2, 3), (2, 2), (2, 1), (2, 0)]}","{'green triangle81': ['right', 'right', 'right', 'down', 'down'], 'green triangle57': ['up', 'up', 'up', 'up'], 'orange circle20': ['left', 'left', 'left', 'down', 'down', 'down']}","{'green triangle81': [(5, 9), (6, 9), (7, 9), (8, 9), (8, 8), (8, 7), (8, 6), (8, 5), (8, 4), (8, 3), (8, 2), (8, 1)], 'green triangle57': [(5, 9), (5, 8), (5, 7)], 'orange circle20': [(5, 9), (4, 9), (3, 9), (2, 9), (2, 8), (2, 7), (2, 6), (2, 5), (2, 4), (2, 3), (2, 2), (2, 1), (2, 0)]}","{'green triangle81': ['right', 'right', 'right', 'down', 'down', 'down', 'down', 'down', 'down', 'down', 'down'], 'green triangle57': ['down', 'down'], 'orange circle20': ['left', 'left', 'left', 'down', 'down', 'down', 'down', 'down', 'down', 'down', 'down', 'down']}"
27,"(9, 4)","(3, 4)",purple circle08;purple circle76,"['green', 'circle', 'triangle', 'purple']","{(0, 8): 'purple circle08', (7, 6): 'purple circle76', (1, 0): 'green triangle10'}",3,N,UtilOnly,purple,270,"{'purple circle08': (0, 8), 'purple circle76': (7, 6), 'green triangle10': (1, 0)}","{'purple circle08': [(3, 4), (3, 5), (3, 6), (3, 7), (3, 8), (2, 8), (1, 8), (0, 8)], 'purple circle76': [(3, 4), (3, 5), (3, 6), (4, 6), (5, 6), (6, 6), (7, 6)], 'green triangle10': [(3, 4), (2, 4), (1, 4), (1, 3), (1, 2), (1, 1), (1, 0)]}","{'purple circle08': ['up', 'up', 'up', 'up', 'left', 'left', 'left'], 'purple circle76': ['up', 'up', 'right', 'right', 'right', 'right'], 'green triangle10': ['left', 'left', 'down', 'down', 'down', 'down']}","{'purple circle08': [(9, 4), (9, 5), (9, 6), (9, 7), (9, 8), (8, 8), (7, 8), (6, 8), (5, 8), (4, 8), (3, 8), (2, 8), (1, 8), (0, 8)], 'purple circle76': [(9, 4), (9, 5), (9, 6), (8, 6), (7, 6)], 'green triangle10': [(9, 4), (8, 4), (7, 4), (6, 4), (5, 4), (4, 4), (3, 4), (2, 4), (1, 4), (1, 3), (1, 2), (1, 1), (1, 0)]}","{'purple circle08': ['up', 'up', 'up', 'up', 'left', 'left', 'left', 'left', 'left', 'left', 'left', 'left', 'left'], 'purple circle76': ['up', 'up', 'left', 'left'], 'green triangle10': ['left', 'left', 'left', 'left', 'left', 'left', 'left', 'left', 'down', 'down', 'down', 'down']}"
28,"(4, 0)","(4, 6)",purple square74;purple square42,"['square', 'orange', 'triangle', 'purple']","{(7, 4): 'purple square74', (4, 2): 'purple square42', (0, 8): 'orange triangle08'}",3,N,UtilOnly,purple,0,"{'purple square74': (7, 4), 'purple square42': (4, 2), 'orange triangle08': (0, 8)}","{'purple square74': [(4, 6), (4, 5), (4, 4), (5, 4), (6, 4), (7, 4)], 'purple square42': [(4, 6), (4, 5), (4, 4), (4, 3), (4, 2)], 'orange triangle08': [(4, 6), (3, 6), (2, 6), (1, 6), (0, 6), (0, 7), (0, 8)]}","{'purple square74': ['down', 'down', 'right', 'right', 'right'], 'purple square42': ['down', 'down', 'down', 'down'], 'orange triangle08': ['left', 'left', 'left', 'left', 'up', 'up']}","{'purple square74': [(4, 0), (4, 1), (4, 2), (4, 3), (4, 4), (5, 4), (6, 4), (7, 4)], 'purple square42': [(4, 0), (4, 1), (4, 2)], 'orange triangle08': [(4, 0), (4, 1), (4, 2), (4, 3), (4, 4), (4, 5), (4, 6), (4, 7), (4, 8), (3, 8), (2, 8), (1, 8), (0, 8)]}","{'purple square74': ['up', 'up', 'up', 'up', 'right', 'right', 'right'], 'purple square42': ['up', 'up'], 'orange triangle08': ['up', 'up', 'up', 'up', 'up', 'up', 'up', 'up', 'left', 'left', 'left', 'left']}"
29,"(0, 5)","(6, 5)",purple triangle97;purple triangle25,"['square', 'orange', 'triangle', 'purple']","{(9, 7): 'purple triangle97', (2, 5): 'purple triangle25', (9, 1): 'orange square91'}",3,N,UtilOnly,purple,90,"{'purple triangle97': (9, 7), 'purple triangle25': (2, 5), 'orange square91': (9, 1)}","{'purple triangle97': [(6, 5), (6, 6), (6, 7), (7, 7), (8, 7), (9, 7)], 'purple triangle25': [(6, 5), (5, 5), (4, 5), (3, 5), (2, 5)], 'orange square91': [(6, 5), (7, 5), (8, 5), (9, 5), (9, 4), (9, 3), (9, 2), (9, 1)]}","{'purple triangle97': ['up', 'up', 'right', 'right', 'right'], 'purple triangle25': ['left', 'left', 'left', 'left'], 'orange square91': ['right', 'right', 'right', 'down', 'down', 'down', 'down']}","{'purple triangle97': [(0, 5), (1, 5), (2, 5), (3, 5), (4, 5), (5, 5), (6, 5), (7, 5), (8, 5), (9, 5), (9, 6), (9, 7)], 'purple triangle25': [(0, 5), (1, 5), (2, 5)], 'orange square91': [(0, 5), (1, 5), (2, 5), (3, 5), (4, 5), (5, 5), (6, 5), (7, 5), (8, 5), (9, 5), (9, 4), (9, 3), (9, 2), (9, 1)]}","{'purple triangle97': ['right', 'right', 'right', 'right', 'right', 'right', 'right', 'right', 'right', 'up', 'up'], 'purple triangle25': ['right', 'right'], 'orange square91': ['right', 'right', 'right', 'right', 'right', 'right', 'right', 'right', 'right', 'down', 'down', 'down', 'down']}"
30,"(5, 9)","(5, 3)",orange circle90;orange circle67,"['square', 'orange', 'circle', 'purple']","{(9, 0): 'orange circle90', (6, 7): 'orange circle67', (1, 2): 'purple square12'}",3,N,UtilOnly,circle,180,"{'orange circle90': (9, 0), 'orange circle67': (6, 7), 'purple square12': (1, 2)}","{'orange circle90': [(5, 3), (6, 3), (7, 3), (8, 3), (9, 3), (9, 2), (9, 1), (9, 0)], 'orange circle67': [(5, 3), (5, 4), (5, 5), (5, 6), (5, 7), (6, 7)], 'purple square12': [(5, 3), (4, 3), (3, 3), (2, 3), (1, 3), (1, 2)]}","{'orange circle90': ['right', 'right', 'right', 'right', 'down', 'down', 'down'], 'orange circle67': ['up', 'up', 'up', 'up', 'right'], 'purple square12': ['left', 'left', 'left', 'left', 'down']}","{'orange circle90': [(5, 9), (6, 9), (7, 9), (8, 9), (9, 9), (9, 8), (9, 7), (9, 6), (9, 5), (9, 4), (9, 3), (9, 2), (9, 1), (9, 0)], 'orange circle67': [(5, 9), (6, 9), (6, 8), (6, 7)], 'purple square12': [(5, 9), (4, 9), (3, 9), (2, 9), (1, 9), (1, 8), (1, 7), (1, 6), (1, 5), (1, 4), (1, 3), (1, 2)]}","{'orange circle90': ['right', 'right', 'right', 'right', 'down', 'down', 'down', 'down', 'down', 'down', 'down', 'down', 'down'], 'orange circle67': ['right', 'down', 'down'], 'purple square12': ['left', 'left', 'left', 'left', 'down', 'down', 'down', 'down', 'down', 'down', 'down']}"
31,"(9, 4)","(3, 4)",orange square58;orange square73,"['square', 'orange', 'circle', 'purple']","{(5, 8): 'orange square58', (7, 3): 'orange square73', (0, 1): 'purple circle01'}",3,N,UtilOnly,square,270,"{'orange square58': (5, 8), 'orange square73': (7, 3), 'purple circle01': (0, 1)}","{'orange square58': [(3, 4), (4, 4), (5, 4), (5, 5), (5, 6), (5, 7), (5, 8)], 'orange square73': [(3, 4), (4, 4), (5, 4), (6, 4), (7, 4), (7, 3)], 'purple circle01': [(3, 4), (3, 3), (3, 2), (3, 1), (2, 1), (1, 1), (0, 1)]}","{'orange square58': ['right', 'right', 'up', 'up', 'up', 'up'], 'orange square73': ['right', 'right', 'right', 'right', 'down'], 'purple circle01': ['down', 'down', 'down', 'left', 'left', 'left']}","{'orange square58': [(9, 4), (9, 5), (9, 6), (9, 7), (9, 8), (8, 8), (7, 8), (6, 8), (5, 8)], 'orange square73': [(9, 4), (8, 4), (7, 4), (7, 3)], 'purple circle01': [(9, 4), (9, 3), (9, 2), (9, 1), (8, 1), (7, 1), (6, 1), (5, 1), (4, 1), (3, 1), (2, 1), (1, 1), (0, 1)]}","{'orange square58': ['up', 'up', 'up', 'up', 'left', 'left', 'left', 'left'], 'orange square73': ['left', 'left', 'down'], 'purple circle01': ['down', 'down', 'down', 'left', 'left', 'left', 'left', 'left', 'left', 'left', 'left', 'left']}"
32,"(4, 0)","(4, 6)",orange triangle88;orange triangle32,"['orange', 'circle', 'triangle', 'green']","{(8, 8): 'orange triangle88', (3, 2): 'orange triangle32', (7, 4): 'green circle74'}",3,N,UtilOnly,triangle,0,"{'orange triangle88': (8, 8), 'orange triangle32': (3, 2), 'green circle74': (7, 4)}","{'orange triangle88': [(4, 6), (5, 6), (6, 6), (7, 6), (8, 6), (8, 7), (8, 8)], 'orange triangle32': [(4, 6), (3, 6), (3, 5), (3, 4), (3, 3), (3, 2)], 'green circle74': [(4, 6), (5, 6), (6, 6), (7, 6), (7, 5), (7, 4)]}","{'orange triangle88': ['right', 'right', 'right', 'right', 'up', 'up'], 'orange triangle32': ['left', 'down', 'down', 'down', 'down'], 'green circle74': ['right', 'right', 'right', 'down', 'down']}","{'orange triangle88': [(4, 0), (4, 1), (4, 2), (4, 3), (4, 4), (4, 5), (4, 6), (4, 7), (4, 8), (5, 8), (6, 8), (7, 8), (8, 8)], 'orange triangle32': [(4, 0), (3, 0), (3, 1), (3, 2)], 'green circle74': [(4, 0), (4, 1), (4, 2), (4, 3), (4, 4), (5, 4), (6, 4), (7, 4)]}","{'orange triangle88': ['up', 'up', 'up', 'up', 'up', 'up', 'up', 'up', 'right', 'right', 'right', 'right'], 'orange triangle32': ['left', 'up', 'up'], 'green circle74': ['up', 'up', 'up', 'up', 'right', 'right', 'right']}"
33,"(0, 5)","(6, 5)",green circle48;green circle25,"['triangle', 'circle', 'purple', 'green']","{(4, 8): 'green circle48', (2, 5): 'green circle25', (7, 1): 'purple triangle71'}",3,N,UtilOnly,circle,90,"{'green circle48': (4, 8), 'green circle25': (2, 5), 'purple triangle71': (7, 1)}","{'green circle48': [(6, 5), (5, 5), (4, 5), (4, 6), (4, 7), (4, 8)], 'green circle25': [(6, 5), (5, 5), (4, 5), (3, 5), (2, 5)], 'purple triangle71': [(6, 5), (7, 5), (7, 4), (7, 3), (7, 2), (7, 1)]}","{'green circle48': ['left', 'left', 'up', 'up', 'up'], 'green circle25': ['left', 'left', 'left', 'left'], 'purple triangle71': ['right', 'down', 'down', 'down', 'down']}","{'green circle48': [(0, 5), (1, 5), (2, 5), (3, 5), (4, 5), (4, 6), (4, 7), (4, 8)], 'green circle25': [(0, 5), (1, 5), (2, 5)], 'purple triangle71': [(0, 5), (0, 4), (0, 3), (0, 2), (0, 1), (1, 1), (2, 1), (3, 1), (4, 1), (5, 1), (6, 1), (7, 1)]}","{'green circle48': ['right', 'right', 'right', 'right', 'up', 'up', 'up'], 'green circle25': ['right', 'right'], 'purple triangle71': ['down', 'down', 'down', 'down', 'right', 'right', 'right', 'right', 'right', 'right', 'right']}"
34,"(5, 9)","(5, 3)",green square30;green square57,"['square', 'orange', 'triangle', 'green']","{(3, 0): 'green square30', (5, 7): 'green square57', (8, 1): 'orange triangle81'}",3,N,UtilOnly,square,180,"{'green square30': (3, 0), 'green square57': (5, 7), 'orange triangle81': (8, 1)}","{'green square30': [(5, 3), (5, 2), (5, 1), (5, 0), (4, 0), (3, 0)], 'green square57': [(5, 3), (5, 4), (5, 5), (5, 6), (5, 7)], 'orange triangle81': [(5, 3), (6, 3), (7, 3), (8, 3), (8, 2), (8, 1)]}","{'green square30': ['down', 'down', 'down', 'left', 'left'], 'green square57': ['up', 'up', 'up', 'up'], 'orange triangle81': ['right', 'right', 'right', 'down', 'down']}","{'green square30': [(5, 9), (5, 8), (5, 7), (5, 6), (5, 5), (5, 4), (5, 3), (5, 2), (5, 1), (5, 0), (4, 0), (3, 0)], 'green square57': [(5, 9), (5, 8), (5, 7)], 'orange triangle81': [(5, 9), (6, 9), (7, 9), (8, 9), (8, 8), (8, 7), (8, 6), (8, 5), (8, 4), (8, 3), (8, 2), (8, 1)]}","{'green square30': ['down', 'down', 'down', 'down', 'down', 'down', 'down', 'down', 'down', 'left', 'left'], 'green square57': ['down', 'down'], 'orange triangle81': ['right', 'right', 'right', 'down', 'down', 'down', 'down', 'down', 'down', 'down', 'down']}"
35,"(9, 4)","(3, 4)",green triangle01;green triangle74,"['square', 'orange', 'triangle', 'green']","{(0, 1): 'green triangle01', (7, 4): 'green triangle74', (1, 8): 'orange square18'}",3,N,UtilOnly,triangle,270,"{'green triangle01': (0, 1), 'green triangle74': (7, 4), 'orange square18': (1, 8)}","{'green triangle01': [(3, 4), (2, 4), (1, 4), (0, 4), (0, 3), (0, 2), (0, 1)], 'green triangle74': [(3, 4), (4, 4), (5, 4), (6, 4), (7, 4)], 'orange square18': [(3, 4), (3, 5), (3, 6), (3, 7), (3, 8), (2, 8), (1, 8)]}","{'green triangle01': ['left', 'left', 'left', 'down', 'down', 'down'], 'green triangle74': ['right', 'right', 'right', 'right'], 'orange square18': ['up', 'up', 'up', 'up', 'left', 'left']}","{'green triangle01': [(9, 4), (9, 3), (9, 2), (9, 1), (8, 1), (7, 1), (6, 1), (5, 1), (4, 1), (3, 1), (2, 1), (1, 1), (0, 1)], 'green triangle74': [(9, 4), (8, 4), (7, 4)], 'orange square18': [(9, 4), (8, 4), (7, 4), (6, 4), (5, 4), (4, 4), (4, 5), (4, 6), (4, 7), (4, 8), (3, 8), (2, 8), (1, 8)]}","{'green triangle01': ['down', 'down', 'down', 'left', 'left', 'left', 'left', 'left', 'left', 'left', 'left', 'left'], 'green triangle74': ['left', 'left'], 'orange square18': ['left', 'left', 'left', 'left', 'left', 'up', 'up', 'up', 'up', 'left', 'left', 'left']}"
36,"(4, 0)","(4, 6)",purple circle89;purple circle32,"['square', 'orange', 'circle', 'purple']","{(8, 9): 'purple circle89', (3, 2): 'purple circle32', (0, 7): 'orange square07'}",3,N,UtilOnly,circle,0,"{'purple circle89': (8, 9), 'purple circle32': (3, 2), 'orange square07': (0, 7)}","{'purple circle89': [(4, 6), (4, 7), (4, 8), (4, 9), (5, 9), (6, 9), (7, 9), (8, 9)], 'purple circle32': [(4, 6), (3, 6), (3, 5), (3, 4), (3, 3), (3, 2)], 'orange square07': [(4, 6), (4, 7), (3, 7), (2, 7), (1, 7), (0, 7)]}","{'purple circle89': ['up', 'up', 'up', 'right', 'right', 'right', 'right'], 'purple circle32': ['left', 'down', 'down', 'down', 'down'], 'orange square07': ['up', 'left', 'left', 'left', 'left']}","{'purple circle89': [(4, 0), (4, 1), (4, 2), (4, 3), (4, 4), (4, 5), (4, 6), (4, 7), (4, 8), (4, 9), (5, 9), (6, 9), (7, 9), (8, 9)], 'purple circle32': [(4, 0), (3, 0), (3, 1), (3, 2)], 'orange square07': [(4, 0), (3, 0), (2, 0), (1, 0), (0, 0), (0, 1), (0, 2), (0, 3), (0, 4), (0, 5), (0, 6), (0, 7)]}","{'purple circle89': ['up', 'up', 'up', 'up', 'up', 'up', 'up', 'up', 'up', 'right', 'right', 'right', 'right'], 'purple circle32': ['left', 'up', 'up'], 'orange square07': ['left', 'left', 'left', 'left', 'up', 'up', 'up', 'up', 'up', 'up', 'up']}"
37,"(0, 5)","(6, 5)",purple square49;purple square25,"['square', 'orange', 'circle', 'purple']","{(4, 9): 'purple square49', (2, 5): 'purple square25', (4, 1): 'orange circle41'}",3,N,UtilOnly,square,90,"{'purple square49': (4, 9), 'purple square25': (2, 5), 'orange circle41': (4, 1)}","{'purple square49': [(6, 5), (6, 6), (6, 7), (6, 8), (6, 9), (5, 9), (4, 9)], 'purple square25': [(6, 5), (5, 5), (4, 5), (3, 5), (2, 5)], 'orange circle41': [(6, 5), (6, 4), (6, 3), (6, 2), (6, 1), (5, 1), (4, 1)]}","{'purple square49': ['up', 'up', 'up', 'up', 'left', 'left'], 'purple square25': ['left', 'left', 'left', 'left'], 'orange circle41': ['down', 'down', 'down', 'down', 'left', 'left']}","{'purple square49': [(0, 5), (1, 5), (2, 5), (3, 5), (4, 5), (4, 6), (4, 7), (4, 8), (4, 9)], 'purple square25': [(0, 5), (1, 5), (2, 5)], 'orange circle41': [(0, 5), (1, 5), (2, 5), (3, 5), (4, 5), (4, 4), (4, 3), (4, 2), (4, 1)]}","{'purple square49': ['right', 'right', 'right', 'right', 'up', 'up', 'up', 'up'], 'purple square25': ['right', 'right'], 'orange circle41': ['right', 'right', 'right', 'right', 'down', 'down', 'down', 'down']}"
38,"(5, 9)","(5, 3)",purple triangle91;purple triangle67,"['green', 'circle', 'triangle', 'purple']","{(9, 1): 'purple triangle91', (6, 7): 'purple triangle67', (3, 0): 'green circle30'}",3,N,UtilOnly,triangle,180,"{'purple triangle91': (9, 1), 'purple triangle67': (6, 7), 'green circle30': (3, 0)}","{'purple triangle91': [(5, 3), (6, 3), (7, 3), (8, 3), (9, 3), (9, 2), (9, 1)], 'purple triangle67': [(5, 3), (6, 3), (6, 4), (6, 5), (6, 6), (6, 7)], 'green circle30': [(5, 3), (5, 2), (5, 1), (5, 0), (4, 0), (3, 0)]}","{'purple triangle91': ['right', 'right', 'right', 'right', 'down', 'down'], 'purple triangle67': ['right', 'up', 'up', 'up', 'up'], 'green circle30': ['down', 'down', 'down', 'left', 'left']}","{'purple triangle91': [(5, 9), (6, 9), (7, 9), (8, 9), (9, 9), (9, 8), (9, 7), (9, 6), (9, 5), (9, 4), (9, 3), (9, 2), (9, 1)], 'purple triangle67': [(5, 9), (6, 9), (6, 8), (6, 7)], 'green circle30': [(5, 9), (5, 8), (5, 7), (5, 6), (5, 5), (5, 4), (5, 3), (5, 2), (5, 1), (5, 0), (4, 0), (3, 0)]}","{'purple triangle91': ['right', 'right', 'right', 'right', 'down', 'down', 'down', 'down', 'down', 'down', 'down', 'down'], 'purple triangle67': ['right', 'down', 'down'], 'green circle30': ['down', 'down', 'down', 'down', 'down', 'down', 'down', 'down', 'down', 'left', 'left']}"
39,"(9, 4)","(3, 4)",green square20;green square74,"['square', 'orange', 'circle', 'green']","{(2, 0): 'green square20', (7, 4): 'green square74', (5, 7): 'orange circle57'}",3,N,UtilOnly,square,270,"{'green square20': (2, 0), 'green square74': (7, 4), 'orange circle57': (5, 7)}","{'green square20': [(3, 4), (3, 3), (3, 2), (3, 1), (3, 0), (2, 0)], 'green square74': [(3, 4), (4, 4), (5, 4), (6, 4), (7, 4)], 'orange circle57': [(3, 4), (4, 4), (5, 4), (5, 5), (5, 6), (5, 7)]}","{'green square20': ['down', 'down', 'down', 'down', 'left'], 'green square74': ['right', 'right', 'right', 'right'], 'orange circle57': ['right', 'right', 'up', 'up', 'up']}","{'green square20': [(9, 4), (8, 4), (7, 4), (6, 4), (5, 4), (4, 4), (3, 4), (2, 4), (2, 3), (2, 2), (2, 1), (2, 0)], 'green square74': [(9, 4), (8, 4), (7, 4)], 'orange circle57': [(9, 4), (8, 4), (7, 4), (6, 4), (5, 4), (5, 5), (5, 6), (5, 7)]}","{'green square20': ['left', 'left', 'left', 'left', 'left', 'left', 'left', 'down', 'down', 'down', 'down'], 'green square74': ['left', 'left'], 'orange circle57': ['left', 'left', 'left', 'left', 'up', 'up', 'up']}"
40,"(4, 0)","(4, 6)",purple triangle28;purple square42,"['square', 'orange', 'triangle', 'purple']","{(2, 8): 'purple triangle28', (4, 2): 'purple square42', (6, 9): 'orange square69'}",3,N,Flip,purple,0,"{'purple triangle28': (2, 8), 'purple square42': (4, 2), 'orange square69': (6, 9)}","{'purple triangle28': [(4, 6), (3, 6), (2, 6), (2, 7), (2, 8)], 'purple square42': [(4, 6), (4, 5), (4, 4), (4, 3), (4, 2)], 'orange square69': [(4, 6), (5, 6), (6, 6), (6, 7), (6, 8), (6, 9)]}","{'purple triangle28': ['left', 'left', 'up', 'up'], 'purple square42': ['down', 'down', 'down', 'down'], 'orange square69': ['right', 'right', 'up', 'up', 'up']}","{'purple triangle28': [(4, 0), (3, 0), (2, 0), (2, 1), (2, 2), (2, 3), (2, 4), (2, 5), (2, 6), (2, 7), (2, 8)], 'purple square42': [(4, 0), (4, 1), (4, 2)], 'orange square69': [(4, 0), (4, 1), (4, 2), (4, 3), (4, 4), (4, 5), (4, 6), (4, 7), (4, 8), (4, 9), (5, 9), (6, 9)]}","{'purple triangle28': ['left', 'left', 'up', 'up', 'up', 'up', 'up', 'up', 'up', 'up'], 'purple square42': ['up', 'up'], 'orange square69': ['up', 'up', 'up', 'up', 'up', 'up', 'up', 'up', 'up', 'right', 'right']}"
41,"(0, 5)","(6, 5)",orange circle96;orange square25,"['square', 'orange', 'circle', 'green']","{(9, 6): 'orange circle96', (2, 5): 'orange square25', (5, 2): 'green square52'}",3,N,Flip,orange,90,"{'orange circle96': (9, 6), 'orange square25': (2, 5), 'green square52': (5, 2)}","{'orange circle96': [(6, 5), (7, 5), (8, 5), (9, 5), (9, 6)], 'orange square25': [(6, 5), (5, 5), (4, 5), (3, 5), (2, 5)], 'green square52': [(6, 5), (6, 4), (6, 3), (6, 2), (5, 2)]}","{'orange circle96': ['right', 'right', 'right', 'up'], 'orange square25': ['left', 'left', 'left', 'left'], 'green square52': ['down', 'down', 'down', 'left']}","{'orange circle96': [(0, 5), (0, 6), (1, 6), (2, 6), (3, 6), (4, 6), (5, 6), (6, 6), (7, 6), (8, 6), (9, 6)], 'orange square25': [(0, 5), (1, 5), (2, 5)], 'green square52': [(0, 5), (1, 5), (2, 5), (3, 5), (4, 5), (5, 5), (5, 4), (5, 3), (5, 2)]}","{'orange circle96': ['up', 'right', 'right', 'right', 'right', 'right', 'right', 'right', 'right', 'right'], 'orange square25': ['right', 'right'], 'green square52': ['right', 'right', 'right', 'right', 'right', 'down', 'down', 'down']}"
42,"(5, 9)","(5, 3)",orange square80;orange triangle37,"['square', 'orange', 'triangle', 'green']","{(8, 0): 'orange square80', (3, 7): 'orange triangle37', (1, 2): 'green triangle12'}",3,N,Flip,orange,180,"{'orange square80': (8, 0), 'orange triangle37': (3, 7), 'green triangle12': (1, 2)}","{'orange square80': [(5, 3), (5, 2), (5, 1), (5, 0), (6, 0), (7, 0), (8, 0)], 'orange triangle37': [(5, 3), (5, 4), (5, 5), (5, 6), (5, 7), (4, 7), (3, 7)], 'green triangle12': [(5, 3), (4, 3), (3, 3), (2, 3), (1, 3), (1, 2)]}","{'orange square80': ['down', 'down', 'down', 'right', 'right', 'right'], 'orange triangle37': ['up', 'up', 'up', 'up', 'left', 'left'], 'green triangle12': ['left', 'left', 'left', 'left', 'down']}","{'orange square80': [(5, 9), (5, 8), (5, 7), (5, 6), (5, 5), (5, 4), (5, 3), (5, 2), (5, 1), (5, 0), (6, 0), (7, 0), (8, 0)], 'orange triangle37': [(5, 9), (4, 9), (3, 9), (3, 8), (3, 7)], 'green triangle12': [(5, 9), (4, 9), (3, 9), (2, 9), (1, 9), (1, 8), (1, 7), (1, 6), (1, 5), (1, 4), (1, 3), (1, 2)]}","{'orange square80': ['down', 'down', 'down', 'down', 'down', 'down', 'down', 'down', 'down', 'right', 'right', 'right'], 'orange triangle37': ['left', 'left', 'down', 'down'], 'green triangle12': ['left', 'left', 'left', 'left', 'down', 'down', 'down', 'down', 'down', 'down', 'down']}"
43,"(9, 4)","(3, 4)",orange triangle17;orange circle73,"['orange', 'circle', 'triangle', 'green']","{(1, 7): 'orange triangle17', (7, 3): 'orange circle73', (4, 0): 'green circle40'}",3,N,Flip,orange,270,"{'orange triangle17': (1, 7), 'orange circle73': (7, 3), 'green circle40': (4, 0)}","{'orange triangle17': [(3, 4), (3, 5), (3, 6), (3, 7), (2, 7), (1, 7)], 'orange circle73': [(3, 4), (4, 4), (5, 4), (6, 4), (7, 4), (7, 3)], 'green circle40': [(3, 4), (4, 4), (4, 3), (4, 2), (4, 1), (4, 0)]}","{'orange triangle17': ['up', 'up', 'up', 'left', 'left'], 'orange circle73': ['right', 'right', 'right', 'right', 'down'], 'green circle40': ['right', 'down', 'down', 'down', 'down']}","{'orange triangle17': [(9, 4), (9, 5), (9, 6), (9, 7), (8, 7), (7, 7), (6, 7), (5, 7), (4, 7), (3, 7), (2, 7), (1, 7)], 'orange circle73': [(9, 4), (9, 3), (8, 3), (7, 3)], 'green circle40': [(9, 4), (8, 4), (7, 4), (6, 4), (5, 4), (4, 4), (4, 3), (4, 2), (4, 1), (4, 0)]}","{'orange triangle17': ['up', 'up', 'up', 'left', 'left', 'left', 'left', 'left', 'left', 'left', 'left'], 'orange circle73': ['down', 'left', 'left'], 'green circle40': ['left', 'left', 'left', 'left', 'left', 'down', 'down', 'down', 'down']}"
44,"(4, 0)","(4, 6)",green circle06;green square42,"['square', 'circle', 'purple', 'green']","{(0, 6): 'green circle06', (4, 2): 'green square42', (7, 7): 'purple square77'}",3,N,Flip,green,0,"{'green circle06': (0, 6), 'green square42': (4, 2), 'purple square77': (7, 7)}","{'green circle06': [(4, 6), (3, 6), (2, 6), (1, 6), (0, 6)], 'green square42': [(4, 6), (4, 5), (4, 4), (4, 3), (4, 2)], 'purple square77': [(4, 6), (5, 6), (6, 6), (7, 6), (7, 7)]}","{'green circle06': ['left', 'left', 'left', 'left'], 'green square42': ['down', 'down', 'down', 'down'], 'purple square77': ['right', 'right', 'right', 'up']}","{'green circle06': [(4, 0), (3, 0), (2, 0), (1, 0), (0, 0), (0, 1), (0, 2), (0, 3), (0, 4), (0, 5), (0, 6)], 'green square42': [(4, 0), (4, 1), (4, 2)], 'purple square77': [(4, 0), (5, 0), (6, 0), (7, 0), (7, 1), (7, 2), (7, 3), (7, 4), (7, 5), (7, 6), (7, 7)]}","{'green circle06': ['left', 'left', 'left', 'left', 'up', 'up', 'up', 'up', 'up', 'up'], 'green square42': ['up', 'up'], 'purple square77': ['right', 'right', 'right', 'up', 'up', 'up', 'up', 'up', 'up', 'up']}"
45,"(0, 5)","(6, 5)",green square48;green triangle26,"['square', 'purple', 'triangle', 'green']","{(4, 8): 'green square48', (2, 6): 'green triangle26', (4, 3): 'purple triangle43'}",3,N,Flip,green,90,"{'green square48': (4, 8), 'green triangle26': (2, 6), 'purple triangle43': (4, 3)}","{'green square48': [(6, 5), (5, 5), (4, 5), (4, 6), (4, 7), (4, 8)], 'green triangle26': [(6, 5), (5, 5), (4, 5), (3, 5), (2, 5), (2, 6)], 'purple triangle43': [(6, 5), (5, 5), (4, 5), (4, 4), (4, 3)]}","{'green square48': ['left', 'left', 'up', 'up', 'up'], 'green triangle26': ['left', 'left', 'left', 'left', 'up'], 'purple triangle43': ['left', 'left', 'down', 'down']}","{'green square48': [(0, 5), (0, 6), (0, 7), (0, 8), (1, 8), (2, 8), (3, 8), (4, 8)], 'green triangle26': [(0, 5), (0, 6), (1, 6), (2, 6)], 'purple triangle43': [(0, 5), (0, 4), (0, 3), (1, 3), (2, 3), (3, 3), (4, 3)]}","{'green square48': ['up', 'up', 'up', 'right', 'right', 'right', 'right'], 'green triangle26': ['up', 'right', 'right'], 'purple triangle43': ['down', 'down', 'right', 'right', 'right', 'right']}"
46,"(5, 9)","(5, 3)",green triangle31;green circle57,"['purple', 'circle', 'triangle', 'green']","{(3, 1): 'green triangle31', (5, 7): 'green circle57', (7, 0): 'purple circle70'}",3,N,Flip,green,180,"{'green triangle31': (3, 1), 'green circle57': (5, 7), 'purple circle70': (7, 0)}","{'green triangle31': [(5, 3), (4, 3), (3, 3), (3, 2), (3, 1)], 'green circle57': [(5, 3), (5, 4), (5, 5), (5, 6), (5, 7)], 'purple circle70': [(5, 3), (6, 3), (7, 3), (7, 2), (7, 1), (7, 0)]}","{'green triangle31': ['left', 'left', 'down', 'down'], 'green circle57': ['up', 'up', 'up', 'up'], 'purple circle70': ['right', 'right', 'down', 'down', 'down']}","{'green triangle31': [(5, 9), (5, 8), (5, 7), (5, 6), (5, 5), (5, 4), (5, 3), (5, 2), (5, 1), (4, 1), (3, 1)], 'green circle57': [(5, 9), (5, 8), (5, 7)], 'purple circle70': [(5, 9), (6, 9), (7, 9), (7, 8), (7, 7), (7, 6), (7, 5), (7, 4), (7, 3), (7, 2), (7, 1), (7, 0)]}","{'green triangle31': ['down', 'down', 'down', 'down', 'down', 'down', 'down', 'down', 'left', 'left'], 'green circle57': ['down', 'down'], 'purple circle70': ['right', 'right', 'down', 'down', 'down', 'down', 'down', 'down', 'down', 'down', 'down']}"
47,"(9, 4)","(3, 4)",purple circle28;purple square73,"['square', 'orange', 'circle', 'purple']","{(2, 8): 'purple circle28', (7, 3): 'purple square73', (0, 2): 'orange square02'}",3,N,Flip,purple,270,"{'purple circle28': (2, 8), 'purple square73': (7, 3), 'orange square02': (0, 2)}","{'purple circle28': [(3, 4), (2, 4), (2, 5), (2, 6), (2, 7), (2, 8)], 'purple square73': [(3, 4), (3, 3), (4, 3), (5, 3), (6, 3), (7, 3)], 'orange square02': [(3, 4), (2, 4), (1, 4), (0, 4), (0, 3), (0, 2)]}","{'purple circle28': ['left', 'up', 'up', 'up', 'up'], 'purple square73': ['down', 'right', 'right', 'right', 'right'], 'orange square02': ['left', 'left', 'left', 'down', 'down']}","{'purple circle28': [(9, 4), (8, 4), (7, 4), (6, 4), (5, 4), (5, 5), (5, 6), (5, 7), (5, 8), (4, 8), (3, 8), (2, 8)], 'purple square73': [(9, 4), (8, 4), (7, 4), (7, 3)], 'orange square02': [(9, 4), (9, 3), (9, 2), (8, 2), (7, 2), (6, 2), (5, 2), (4, 2), (3, 2), (2, 2), (1, 2), (0, 2)]}","{'purple circle28': ['left', 'left', 'left', 'left', 'up', 'up', 'up', 'up', 'left', 'left', 'left'], 'purple square73': ['left', 'left', 'down'], 'orange square02': ['down', 'down', 'left', 'left', 'left', 'left', 'left', 'left', 'left', 'left', 'left']}"
48,"(4, 0)","(4, 6)",purple square07;purple triangle32,"['square', 'orange', 'triangle', 'purple']","{(0, 7): 'purple square07', (3, 2): 'purple triangle32', (8, 7): 'orange triangle87'}",3,N,Flip,purple,0,"{'purple square07': (0, 7), 'purple triangle32': (3, 2), 'orange triangle87': (8, 7)}","{'purple square07': [(4, 6), (4, 7), (3, 7), (2, 7), (1, 7), (0, 7)], 'purple triangle32': [(4, 6), (4, 5), (4, 4), (4, 3), (4, 2), (3, 2)], 'orange triangle87': [(4, 6), (5, 6), (6, 6), (7, 6), (8, 6), (8, 7)]}","{'purple square07': ['up', 'left', 'left', 'left', 'left'], 'purple triangle32': ['down', 'down', 'down', 'down', 'left'], 'orange triangle87': ['right', 'right', 'right', 'right', 'up']}","{'purple square07': [(4, 0), (3, 0), (2, 0), (1, 0), (0, 0), (0, 1), (0, 2), (0, 3), (0, 4), (0, 5), (0, 6), (0, 7)], 'purple triangle32': [(4, 0), (4, 1), (4, 2), (3, 2)], 'orange triangle87': [(4, 0), (5, 0), (6, 0), (7, 0), (8, 0), (8, 1), (8, 2), (8, 3), (8, 4), (8, 5), (8, 6), (8, 7)]}","{'purple square07': ['left', 'left', 'left', 'left', 'up', 'up', 'up', 'up', 'up', 'up', 'up'], 'purple triangle32': ['up', 'up', 'left'], 'orange triangle87': ['right', 'right', 'right', 'right', 'up', 'up', 'up', 'up', 'up', 'up', 'up']}"
49,"(0, 5)","(6, 5)",purple triangle47;purple circle25,"['orange', 'circle', 'triangle', 'purple']","{(4, 7): 'purple triangle47', (2, 5): 'purple circle25', (4, 1): 'orange circle41'}",3,N,Flip,purple,90,"{'purple triangle47': (4, 7), 'purple circle25': (2, 5), 'orange circle41': (4, 1)}","{'purple triangle47': [(6, 5), (5, 5), (4, 5), (4, 6), (4, 7)], 'purple circle25': [(6, 5), (5, 5), (4, 5), (3, 5), (2, 5)], 'orange circle41': [(6, 5), (5, 5), (4, 5), (4, 4), (4, 3), (4, 2), (4, 1)]}","{'purple triangle47': ['left', 'left', 'up', 'up'], 'purple circle25': ['left', 'left', 'left', 'left'], 'orange circle41': ['left', 'left', 'down', 'down', 'down', 'down']}","{'purple triangle47': [(0, 5), (1, 5), (2, 5), (3, 5), (4, 5), (4, 6), (4, 7)], 'purple circle25': [(0, 5), (1, 5), (2, 5)], 'orange circle41': [(0, 5), (1, 5), (2, 5), (3, 5), (4, 5), (4, 4), (4, 3), (4, 2), (4, 1)]}","{'purple triangle47': ['right', 'right', 'right', 'right', 'up', 'up'], 'purple circle25': ['right', 'right'], 'orange circle41': ['right', 'right', 'right', 'right', 'down', 'down', 'down', 'down']}"
50,"(5, 9)","(5, 3)",orange circle10;green circle27,"['square', 'orange', 'circle', 'green']","{(1, 0): 'orange circle10', (2, 7): 'green circle27', (9, 2): 'green square92'}",3,N,Flip,circle,180,"{'orange circle10': (1, 0), 'green circle27': (2, 7), 'green square92': (9, 2)}","{'orange circle10': [(5, 3), (4, 3), (3, 3), (2, 3), (1, 3), (1, 2), (1, 1), (1, 0)], 'green circle27': [(5, 3), (5, 4), (5, 5), (5, 6), (5, 7), (4, 7), (3, 7), (2, 7)], 'green square92': [(5, 3), (5, 2), (6, 2), (7, 2), (8, 2), (9, 2)]}","{'orange circle10': ['left', 'left', 'left', 'left', 'down', 'down', 'down'], 'green circle27': ['up', 'up', 'up', 'up', 'left', 'left', 'left'], 'green square92': ['down', 'right', 'right', 'right', 'right']}","{'orange circle10': [(5, 9), (4, 9), (3, 9), (2, 9), (1, 9), (1, 8), (1, 7), (1, 6), (1, 5), (1, 4), (1, 3), (1, 2), (1, 1), (1, 0)], 'green circle27': [(5, 9), (5, 8), (5, 7), (4, 7), (3, 7), (2, 7)], 'green square92': [(5, 9), (6, 9), (7, 9), (8, 9), (9, 9), (9, 8), (9, 7), (9, 6), (9, 5), (9, 4), (9, 3), (9, 2)]}","{'orange circle10': ['left', 'left', 'left', 'left', 'down', 'down', 'down', 'down', 'down', 'down', 'down', 'down', 'down'], 'green circle27': ['down', 'down', 'left', 'left', 'left'], 'green square92': ['right', 'right', 'right', 'right', 'down', 'down', 'down', 'down', 'down', 'down', 'down']}"
51,"(9, 4)","(3, 4)",orange square18;green square72,"['square', 'orange', 'triangle', 'green']","{(1, 8): 'orange square18', (7, 2): 'green square72', (5, 6): 'green triangle56'}",3,N,Flip,square,270,"{'orange square18': (1, 8), 'green square72': (7, 2), 'green triangle56': (5, 6)}","{'orange square18': [(3, 4), (2, 4), (1, 4), (1, 5), (1, 6), (1, 7), (1, 8)], 'green square72': [(3, 4), (4, 4), (5, 4), (6, 4), (7, 4), (7, 3), (7, 2)], 'green triangle56': [(3, 4), (3, 5), (3, 6), (4, 6), (5, 6)]}","{'orange square18': ['left', 'left', 'up', 'up', 'up', 'up'], 'green square72': ['right', 'right', 'right', 'right', 'down', 'down'], 'green triangle56': ['up', 'up', 'right', 'right']}","{'orange square18': [(9, 4), (9, 5), (9, 6), (9, 7), (9, 8), (8, 8), (7, 8), (6, 8), (5, 8), (4, 8), (3, 8), (2, 8), (1, 8)], 'green square72': [(9, 4), (9, 3), (9, 2), (8, 2), (7, 2)], 'green triangle56': [(9, 4), (8, 4), (7, 4), (6, 4), (5, 4), (5, 5), (5, 6)]}","{'orange square18': ['up', 'up', 'up', 'up', 'left', 'left', 'left', 'left', 'left', 'left', 'left', 'left'], 'green square72': ['down', 'down', 'left', 'left'], 'green triangle56': ['left', 'left', 'left', 'left', 'up', 'up']}"
52,"(4, 0)","(4, 6)",orange triangle59;green triangle42,"['orange', 'circle', 'triangle', 'green']","{(5, 9): 'orange triangle59', (4, 2): 'green triangle42', (0, 6): 'green circle06'}",3,N,Flip,triangle,0,"{'orange triangle59': (5, 9), 'green triangle42': (4, 2), 'green circle06': (0, 6)}","{'orange triangle59': [(4, 6), (5, 6), (5, 7), (5, 8), (5, 9)], 'green triangle42': [(4, 6), (4, 5), (4, 4), (4, 3), (4, 2)], 'green circle06': [(4, 6), (3, 6), (2, 6), (1, 6), (0, 6)]}","{'orange triangle59': ['right', 'up', 'up', 'up'], 'green triangle42': ['down', 'down', 'down', 'down'], 'green circle06': ['left', 'left', 'left', 'left']}","{'orange triangle59': [(4, 0), (4, 1), (4, 2), (4, 3), (4, 4), (4, 5), (4, 6), (4, 7), (4, 8), (4, 9), (5, 9)], 'green triangle42': [(4, 0), (4, 1), (4, 2)], 'green circle06': [(4, 0), (3, 0), (2, 0), (1, 0), (0, 0), (0, 1), (0, 2), (0, 3), (0, 4), (0, 5), (0, 6)]}","{'orange triangle59': ['up', 'up', 'up', 'up', 'up', 'up', 'up', 'up', 'up', 'right'], 'green triangle42': ['up', 'up'], 'green circle06': ['left', 'left', 'left', 'left', 'up', 'up', 'up', 'up', 'up', 'up']}"
53,"(0, 5)","(6, 5)",green circle99;purple circle17,"['square', 'circle', 'purple', 'green']","{(9, 9): 'green circle99', (1, 7): 'purple circle17', (7, 1): 'purple square71'}",3,N,Flip,circle,90,"{'green circle99': (9, 9), 'purple circle17': (1, 7), 'purple square71': (7, 1)}","{'green circle99': [(6, 5), (6, 6), (6, 7), (6, 8), (6, 9), (7, 9), (8, 9), (9, 9)], 'purple circle17': [(6, 5), (5, 5), (4, 5), (3, 5), (2, 5), (1, 5), (1, 6), (1, 7)], 'purple square71': [(6, 5), (7, 5), (7, 4), (7, 3), (7, 2), (7, 1)]}","{'green circle99': ['up', 'up', 'up', 'up', 'right', 'right', 'right'], 'purple circle17': ['left', 'left', 'left', 'left', 'left', 'up', 'up'], 'purple square71': ['right', 'down', 'down', 'down', 'down']}","{'green circle99': [(0, 5), (1, 5), (2, 5), (3, 5), (4, 5), (5, 5), (6, 5), (7, 5), (8, 5), (9, 5), (9, 6), (9, 7), (9, 8), (9, 9)], 'purple circle17': [(0, 5), (0, 6), (0, 7), (1, 7)], 'purple square71': [(0, 5), (0, 4), (0, 3), (0, 2), (0, 1), (1, 1), (2, 1), (3, 1), (4, 1), (5, 1), (6, 1), (7, 1)]}","{'green circle99': ['right', 'right', 'right', 'right', 'right', 'right', 'right', 'right', 'right', 'up', 'up', 'up', 'up'], 'purple circle17': ['up', 'up', 'right'], 'purple square71': ['down', 'down', 'down', 'down', 'right', 'right', 'right', 'right', 'right', 'right', 'right']}"
54,"(5, 9)","(5, 3)",green square24;purple square57,"['square', 'triangle', 'purple', 'green']","{(2, 4): 'green square24', (5, 7): 'purple square57', (4, 0): 'purple triangle40'}",3,N,Flip,square,180,"{'green square24': (2, 4), 'purple square57': (5, 7), 'purple triangle40': (4, 0)}","{'green square24': [(5, 3), (4, 3), (3, 3), (2, 3), (2, 4)], 'purple square57': [(5, 3), (5, 4), (5, 5), (5, 6), (5, 7)], 'purple triangle40': [(5, 3), (4, 3), (4, 2), (4, 1), (4, 0)]}","{'green square24': ['left', 'left', 'left', 'up'], 'purple square57': ['up', 'up', 'up', 'up'], 'purple triangle40': ['left', 'down', 'down', 'down']}","{'green square24': [(5, 9), (4, 9), (3, 9), (2, 9), (2, 8), (2, 7), (2, 6), (2, 5), (2, 4)], 'purple square57': [(5, 9), (5, 8), (5, 7)], 'purple triangle40': [(5, 9), (5, 8), (5, 7), (5, 6), (5, 5), (5, 4), (5, 3), (5, 2), (5, 1), (5, 0), (4, 0)]}","{'green square24': ['left', 'left', 'left', 'down', 'down', 'down', 'down', 'down'], 'purple square57': ['down', 'down'], 'purple triangle40': ['down', 'down', 'down', 'down', 'down', 'down', 'down', 'down', 'down', 'left']}"
55,"(9, 4)","(3, 4)",green triangle02;purple triangle73,"['purple', 'circle', 'triangle', 'green']","{(0, 2): 'green triangle02', (7, 3): 'purple triangle73', (4, 7): 'purple circle47'}",3,N,Flip,triangle,270,"{'green triangle02': (0, 2), 'purple triangle73': (7, 3), 'purple circle47': (4, 7)}","{'green triangle02': [(3, 4), (2, 4), (1, 4), (0, 4), (0, 3), (0, 2)], 'purple triangle73': [(3, 4), (4, 4), (5, 4), (6, 4), (7, 4), (7, 3)], 'purple circle47': [(3, 4), (4, 4), (4, 5), (4, 6), (4, 7)]}","{'green triangle02': ['left', 'left', 'left', 'down', 'down'], 'purple triangle73': ['right', 'right', 'right', 'right', 'down'], 'purple circle47': ['right', 'up', 'up', 'up']}","{'green triangle02': [(9, 4), (9, 3), (9, 2), (8, 2), (7, 2), (6, 2), (5, 2), (4, 2), (3, 2), (2, 2), (1, 2), (0, 2)], 'purple triangle73': [(9, 4), (8, 4), (7, 4), (7, 3)], 'purple circle47': [(9, 4), (9, 5), (9, 6), (9, 7), (8, 7), (7, 7), (6, 7), (5, 7), (4, 7)]}","{'green triangle02': ['down', 'down', 'left', 'left', 'left', 'left', 'left', 'left', 'left', 'left', 'left'], 'purple triangle73': ['left', 'left', 'down'], 'purple circle47': ['up', 'up', 'up', 'left', 'left', 'left', 'left', 'left']}"
56,"(4, 0)","(4, 6)",purple circle05;orange circle52,"['square', 'orange', 'circle', 'purple']","{(0, 5): 'purple circle05', (5, 2): 'orange circle52', (3, 9): 'orange square39'}",3,N,Flip,circle,0,"{'purple circle05': (0, 5), 'orange circle52': (5, 2), 'orange square39': (3, 9)}","{'purple circle05': [(4, 6), (3, 6), (2, 6), (1, 6), (0, 6), (0, 5)], 'orange circle52': [(4, 6), (4, 5), (4, 4), (4, 3), (4, 2), (5, 2)], 'orange square39': [(4, 6), (4, 7), (4, 8), (4, 9), (3, 9)]}","{'purple circle05': ['left', 'left', 'left', 'left', 'down'], 'orange circle52': ['down', 'down', 'down', 'down', 'right'], 'orange square39': ['up', 'up', 'up', 'left']}","{'purple circle05': [(4, 0), (4, 1), (4, 2), (4, 3), (4, 4), (4, 5), (3, 5), (2, 5), (1, 5), (0, 5)], 'orange circle52': [(4, 0), (5, 0), (5, 1), (5, 2)], 'orange square39': [(4, 0), (4, 1), (4, 2), (4, 3), (4, 4), (4, 5), (4, 6), (4, 7), (4, 8), (4, 9), (3, 9)]}","{'purple circle05': ['up', 'up', 'up', 'up', 'up', 'left', 'left', 'left', 'left'], 'orange circle52': ['right', 'up', 'up'], 'orange square39': ['up', 'up', 'up', 'up', 'up', 'up', 'up', 'up', 'up', 'left']}"
57,"(0, 5)","(6, 5)",purple square42;orange square26,"['square', 'orange', 'triangle', 'purple']","{(4, 2): 'purple square42', (2, 6): 'orange square26', (8, 7): 'orange triangle87'}",3,N,Flip,square,90,"{'purple square42': (4, 2), 'orange square26': (2, 6), 'orange triangle87': (8, 7)}","{'purple square42': [(6, 5), (5, 5), (4, 5), (4, 4), (4, 3), (4, 2)], 'orange square26': [(6, 5), (6, 6), (5, 6), (4, 6), (3, 6), (2, 6)], 'orange triangle87': [(6, 5), (7, 5), (8, 5), (8, 6), (8, 7)]}","{'purple square42': ['left', 'left', 'down', 'down', 'down'], 'orange square26': ['up', 'left', 'left', 'left', 'left'], 'orange triangle87': ['right', 'right', 'up', 'up']}","{'purple square42': [(0, 5), (0, 4), (1, 4), (2, 4), (3, 4), (4, 4), (4, 3), (4, 2)], 'orange square26': [(0, 5), (0, 6), (1, 6), (2, 6)], 'orange triangle87': [(0, 5), (0, 6), (0, 7), (1, 7), (2, 7), (3, 7), (4, 7), (5, 7), (6, 7), (7, 7), (8, 7)]}","{'purple square42': ['down', 'right', 'right', 'right', 'right', 'down', 'down'], 'orange square26': ['up', 'right', 'right'], 'orange triangle87': ['up', 'up', 'right', 'right', 'right', 'right', 'right', 'right', 'right', 'right']}"
58,"(5, 9)","(5, 3)",purple triangle91;orange triangle48,"['orange', 'circle', 'triangle', 'purple']","{(9, 1): 'purple triangle91', (4, 8): 'orange triangle48', (1, 4): 'orange circle14'}",3,N,Flip,triangle,180,"{'purple triangle91': (9, 1), 'orange triangle48': (4, 8), 'orange circle14': (1, 4)}","{'purple triangle91': [(5, 3), (6, 3), (7, 3), (8, 3), (9, 3), (9, 2), (9, 1)], 'orange triangle48': [(5, 3), (4, 3), (4, 4), (4, 5), (4, 6), (4, 7), (4, 8)], 'orange circle14': [(5, 3), (5, 4), (4, 4), (3, 4), (2, 4), (1, 4)]}","{'purple triangle91': ['right', 'right', 'right', 'right', 'down', 'down'], 'orange triangle48': ['left', 'up', 'up', 'up', 'up', 'up'], 'orange circle14': ['up', 'left', 'left', 'left', 'left']}","{'purple triangle91': [(5, 9), (5, 8), (5, 7), (5, 6), (5, 5), (5, 4), (5, 3), (6, 3), (7, 3), (8, 3), (9, 3), (9, 2), (9, 1)], 'orange triangle48': [(5, 9), (4, 9), (4, 8)], 'orange circle14': [(5, 9), (4, 9), (3, 9), (2, 9), (1, 9), (1, 8), (1, 7), (1, 6), (1, 5), (1, 4)]}","{'purple triangle91': ['down', 'down', 'down', 'down', 'down', 'down', 'right', 'right', 'right', 'right', 'down', 'down'], 'orange triangle48': ['left', 'down'], 'orange circle14': ['left', 'left', 'left', 'left', 'down', 'down', 'down', 'down', 'down']}"
59,"(9, 4)","(3, 4)",orange triangle48;green triangle73,"['square', 'orange', 'triangle', 'green']","{(4, 8): 'orange triangle48', (7, 3): 'green triangle73', (2, 1): 'green square21'}",3,N,Flip,triangle,270,"{'orange triangle48': (4, 8), 'green triangle73': (7, 3), 'green square21': (2, 1)}","{'orange triangle48': [(3, 4), (4, 4), (4, 5), (4, 6), (4, 7), (4, 8)], 'green triangle73': [(3, 4), (4, 4), (5, 4), (6, 4), (7, 4), (7, 3)], 'green square21': [(3, 4), (3, 3), (3, 2), (3, 1), (2, 1)]}","{'orange triangle48': ['right', 'up', 'up', 'up', 'up'], 'green triangle73': ['right', 'right', 'right', 'right', 'down'], 'green square21': ['down', 'down', 'down', 'left']}","{'orange triangle48': [(9, 4), (8, 4), (7, 4), (6, 4), (5, 4), (4, 4), (4, 5), (4, 6), (4, 7), (4, 8)], 'green triangle73': [(9, 4), (8, 4), (7, 4), (7, 3)], 'green square21': [(9, 4), (8, 4), (7, 4), (6, 4), (5, 4), (4, 4), (3, 4), (2, 4), (2, 3), (2, 2), (2, 1)]}","{'orange triangle48': ['left', 'left', 'left', 'left', 'left', 'up', 'up', 'up', 'up'], 'green triangle73': ['left', 'left', 'down'], 'green square21': ['left', 'left', 'left', 'left', 'left', 'left', 'left', 'down', 'down', 'down']}"
60,"(4, 0)","(4, 6)",purple square42,"['square', 'orange', 'triangle', 'purple']","{(7, 7): 'orange square77', (0, 4): 'purple triangle04', (4, 2): 'purple square42'}",3,N,DIY,do,0,"{'orange square77': (7, 7), 'purple triangle04': (0, 4), 'purple square42': (4, 2)}","{'orange square77': [(4, 6), (5, 6), (6, 6), (7, 6), (7, 7)], 'purple triangle04': [(4, 6), (3, 6), (2, 6), (1, 6), (0, 6), (0, 5), (0, 4)], 'purple square42': [(4, 6), (4, 5), (4, 4), (4, 3), (4, 2)]}","{'orange square77': ['right', 'right', 'right', 'up'], 'purple triangle04': ['left', 'left', 'left', 'left', 'down', 'down'], 'purple square42': ['down', 'down', 'down', 'down']}","{'orange square77': [(4, 0), (4, 1), (4, 2), (4, 3), (4, 4), (4, 5), (4, 6), (4, 7), (5, 7), (6, 7), (7, 7)], 'purple triangle04': [(4, 0), (3, 0), (2, 0), (2, 1), (2, 2), (2, 3), (2, 4), (1, 4), (0, 4)], 'purple square42': [(4, 0), (4, 1), (4, 2)]}","{'orange square77': ['up', 'up', 'up', 'up', 'up', 'up', 'up', 'right', 'right', 'right'], 'purple triangle04': ['left', 'left', 'up', 'up', 'up', 'up', 'left', 'left'], 'purple square42': ['up', 'up']}"
61,"(0, 5)","(6, 5)",purple triangle14,"['orange', 'circle', 'triangle', 'purple']","{(9, 4): 'orange triangle94', (4, 6): 'purple circle46', (1, 4): 'purple triangle14'}",3,N,DIY,do,90,"{'orange triangle94': (9, 4), 'purple circle46': (4, 6), 'purple triangle14': (1, 4)}","{'orange triangle94': [(6, 5), (7, 5), (8, 5), (9, 5), (9, 4)], 'purple circle46': [(6, 5), (5, 5), (4, 5), (4, 6)], 'purple triangle14': [(6, 5), (5, 5), (4, 5), (3, 5), (2, 5), (1, 5), (1, 4)]}","{'orange triangle94': ['right', 'right', 'right', 'down'], 'purple circle46': ['left', 'left', 'up'], 'purple triangle14': ['left', 'left', 'left', 'left', 'left', 'down']}","{'orange triangle94': [(0, 5), (1, 5), (2, 5), (3, 5), (4, 5), (5, 5), (6, 5), (7, 5), (8, 5), (9, 5), (9, 4)], 'purple circle46': [(0, 5), (1, 5), (2, 5), (3, 5), (4, 5), (4, 6)], 'purple triangle14': [(0, 5), (0, 4), (1, 4)]}","{'orange triangle94': ['right', 'right', 'right', 'right', 'right', 'right', 'right', 'right', 'right', 'down'], 'purple circle46': ['right', 'right', 'right', 'right', 'up'], 'purple triangle14': ['down', 'right']}"
62,"(5, 9)","(5, 3)",orange circle78,"['square', 'orange', 'circle', 'green']","{(1, 2): 'orange square12', (3, 5): 'green circle35', (7, 8): 'orange circle78'}",3,N,DIY,do,180,"{'orange square12': (1, 2), 'green circle35': (3, 5), 'orange circle78': (7, 8)}","{'orange square12': [(5, 3), (4, 3), (3, 3), (2, 3), (1, 3), (1, 2)], 'green circle35': [(5, 3), (4, 3), (3, 3), (3, 4), (3, 5)], 'orange circle78': [(5, 3), (5, 4), (5, 5), (5, 6), (5, 7), (5, 8), (6, 8), (7, 8)]}","{'orange square12': ['left', 'left', 'left', 'left', 'down'], 'green circle35': ['left', 'left', 'up', 'up'], 'orange circle78': ['up', 'up', 'up', 'up', 'up', 'right', 'right']}","{'orange square12': [(5, 9), (5, 8), (5, 7), (5, 6), (5, 5), (5, 4), (5, 3), (5, 2), (4, 2), (3, 2), (2, 2), (1, 2)], 'green circle35': [(5, 9), (4, 9), (3, 9), (3, 8), (3, 7), (3, 6), (3, 5)], 'orange circle78': [(5, 9), (6, 9), (7, 9), (7, 8)]}","{'orange square12': ['down', 'down', 'down', 'down', 'down', 'down', 'down', 'left', 'left', 'left', 'left'], 'green circle35': ['left', 'left', 'down', 'down', 'down', 'down'], 'orange circle78': ['right', 'right', 'down']}"
63,"(9, 4)","(3, 4)",green square75,"['square', 'purple', 'triangle', 'green']","{(1, 2): 'green triangle12', (4, 8): 'purple square48', (7, 5): 'green square75'}",3,N,DIY,do,270,"{'green triangle12': (1, 2), 'purple square48': (4, 8), 'green square75': (7, 5)}","{'green triangle12': [(3, 4), (3, 3), (3, 2), (2, 2), (1, 2)], 'purple square48': [(3, 4), (3, 5), (3, 6), (3, 7), (3, 8), (4, 8)], 'green square75': [(3, 4), (3, 5), (4, 5), (5, 5), (6, 5), (7, 5)]}","{'green triangle12': ['down', 'down', 'left', 'left'], 'purple square48': ['up', 'up', 'up', 'up', 'right'], 'green square75': ['up', 'right', 'right', 'right', 'right']}","{'green triangle12': [(9, 4), (9, 3), (9, 2), (8, 2), (7, 2), (6, 2), (5, 2), (4, 2), (3, 2), (2, 2), (1, 2)], 'purple square48': [(9, 4), (8, 4), (7, 4), (6, 4), (5, 4), (4, 4), (4, 5), (4, 6), (4, 7), (4, 8)], 'green square75': [(9, 4), (8, 4), (7, 4), (7, 5)]}","{'green triangle12': ['down', 'down', 'left', 'left', 'left', 'left', 'left', 'left', 'left', 'left'], 'purple square48': ['left', 'left', 'left', 'left', 'left', 'up', 'up', 'up', 'up'], 'green square75': ['left', 'left', 'up']}"
64,"(4, 0)","(4, 6)",orange circle31,"['square', 'orange', 'circle', 'green']","{(5, 4): 'green circle54', (1, 5): 'orange square15', (3, 1): 'orange circle31'}",3,N,DIY,do,0,"{'green circle54': (5, 4), 'orange square15': (1, 5), 'orange circle31': (3, 1)}","{'green circle54': [(4, 6), (4, 5), (4, 4), (5, 4)], 'orange square15': [(4, 6), (3, 6), (2, 6), (1, 6), (1, 5)], 'orange circle31': [(4, 6), (4, 5), (4, 4), (4, 3), (4, 2), (4, 1), (3, 1)]}","{'green circle54': ['down', 'down', 'right'], 'orange square15': ['left', 'left', 'left', 'down'], 'orange circle31': ['down', 'down', 'down', 'down', 'down', 'left']}","{'green circle54': [(4, 0), (5, 0), (5, 1), (5, 2), (5, 3), (5, 4)], 'orange square15': [(4, 0), (4, 1), (4, 2), (4, 3), (4, 4), (4, 5), (3, 5), (2, 5), (1, 5)], 'orange circle31': [(4, 0), (4, 1), (3, 1)]}","{'green circle54': ['right', 'up', 'up', 'up', 'up'], 'orange square15': ['up', 'up', 'up', 'up', 'up', 'left', 'left', 'left'], 'orange circle31': ['up', 'left']}"
65,"(0, 5)","(6, 5)",orange square17,"['square', 'orange', 'triangle', 'green']","{(4, 1): 'green square41', (5, 9): 'orange triangle59', (1, 7): 'orange square17'}",3,N,DIY,do,90,"{'green square41': (4, 1), 'orange triangle59': (5, 9), 'orange square17': (1, 7)}","{'green square41': [(6, 5), (5, 5), (4, 5), (4, 4), (4, 3), (4, 2), (4, 1)], 'orange triangle59': [(6, 5), (6, 6), (6, 7), (6, 8), (6, 9), (5, 9)], 'orange square17': [(6, 5), (6, 6), (6, 7), (5, 7), (4, 7), (3, 7), (2, 7), (1, 7)]}","{'green square41': ['left', 'left', 'down', 'down', 'down', 'down'], 'orange triangle59': ['up', 'up', 'up', 'up', 'left'], 'orange square17': ['up', 'up', 'left', 'left', 'left', 'left', 'left']}","{'green square41': [(0, 5), (0, 4), (0, 3), (1, 3), (2, 3), (3, 3), (4, 3), (4, 2), (4, 1)], 'orange triangle59': [(0, 5), (0, 6), (0, 7), (0, 8), (0, 9), (1, 9), (2, 9), (3, 9), (4, 9), (5, 9)], 'orange square17': [(0, 5), (1, 5), (1, 6), (1, 7)]}","{'green square41': ['down', 'down', 'right', 'right', 'right', 'right', 'down', 'down'], 'orange triangle59': ['up', 'up', 'up', 'up', 'right', 'right', 'right', 'right', 'right'], 'orange square17': ['right', 'up', 'up']}"
66,"(5, 9)","(5, 3)",green circle87,"['square', 'circle', 'purple', 'green']","{(3, 0): 'green square30', (4, 5): 'purple circle45', (8, 7): 'green circle87'}",3,N,DIY,do,180,"{'green square30': (3, 0), 'purple circle45': (4, 5), 'green circle87': (8, 7)}","{'green square30': [(5, 3), (4, 3), (3, 3), (3, 2), (3, 1), (3, 0)], 'purple circle45': [(5, 3), (5, 4), (5, 5), (4, 5)], 'green circle87': [(5, 3), (6, 3), (7, 3), (8, 3), (8, 4), (8, 5), (8, 6), (8, 7)]}","{'green square30': ['left', 'left', 'down', 'down', 'down'], 'purple circle45': ['up', 'up', 'left'], 'green circle87': ['right', 'right', 'right', 'up', 'up', 'up', 'up']}","{'green square30': [(5, 9), (5, 8), (5, 7), (5, 6), (5, 5), (5, 4), (5, 3), (5, 2), (5, 1), (5, 0), (4, 0), (3, 0)], 'purple circle45': [(5, 9), (5, 8), (5, 7), (5, 6), (5, 5), (4, 5)], 'green circle87': [(5, 9), (6, 9), (7, 9), (8, 9), (8, 8), (8, 7)]}","{'green square30': ['down', 'down', 'down', 'down', 'down', 'down', 'down', 'down', 'down', 'left', 'left'], 'purple circle45': ['down', 'down', 'down', 'down', 'left'], 'green circle87': ['right', 'right', 'right', 'down', 'down']}"
67,"(9, 4)","(3, 4)",green square74,"['square', 'circle', 'purple', 'green']","{(4, 8): 'green square48', (7, 4): 'green square74', (0, 0): 'purple circle00'}",3,N,DIY,do,270,"{'green square48': (4, 8), 'green square74': (7, 4), 'purple circle00': (0, 0)}","{'green square48': [(3, 4), (4, 4), (4, 5), (4, 6), (4, 7), (4, 8)], 'green square74': [(3, 4), (4, 4), (5, 4), (6, 4), (7, 4)], 'purple circle00': [(3, 4), (3, 3), (3, 2), (3, 1), (3, 0), (2, 0), (1, 0), (0, 0)]}","{'green square48': ['right', 'up', 'up', 'up', 'up'], 'green square74': ['right', 'right', 'right', 'right'], 'purple circle00': ['down', 'down', 'down', 'down', 'left', 'left', 'left']}","{'green square48': [(9, 4), (9, 5), (9, 6), (9, 7), (9, 8), (8, 8), (7, 8), (6, 8), (5, 8), (4, 8)], 'green square74': [(9, 4), (8, 4), (7, 4)], 'purple circle00': [(9, 4), (8, 4), (7, 4), (6, 4), (5, 4), (4, 4), (3, 4), (2, 4), (1, 4), (0, 4), (0, 3), (0, 2), (0, 1), (0, 0)]}","{'green square48': ['up', 'up', 'up', 'up', 'left', 'left', 'left', 'left', 'left'], 'green square74': ['left', 'left'], 'purple circle00': ['left', 'left', 'left', 'left', 'left', 'left', 'left', 'left', 'left', 'down', 'down', 'down', 'down']}"
68,"(4, 0)","(4, 6)",orange triangle42,"['square', 'orange', 'triangle', 'purple']","{(7, 8): 'orange triangle78', (4, 2): 'orange triangle42', (2, 9): 'purple square29'}",3,N,DIY,do,0,"{'orange triangle78': (7, 8), 'orange triangle42': (4, 2), 'purple square29': (2, 9)}","{'orange triangle78': [(4, 6), (5, 6), (6, 6), (7, 6), (7, 7), (7, 8)], 'orange triangle42': [(4, 6), (4, 5), (4, 4), (4, 3), (4, 2)], 'purple square29': [(4, 6), (3, 6), (2, 6), (2, 7), (2, 8), (2, 9)]}","{'orange triangle78': ['right', 'right', 'right', 'up', 'up'], 'orange triangle42': ['down', 'down', 'down', 'down'], 'purple square29': ['left', 'left', 'up', 'up', 'up']}","{'orange triangle78': [(4, 0), (5, 0), (6, 0), (7, 0), (7, 1), (7, 2), (7, 3), (7, 4), (7, 5), (7, 6), (7, 7), (7, 8)], 'orange triangle42': [(4, 0), (4, 1), (4, 2)], 'purple square29': [(4, 0), (4, 1), (4, 2), (4, 3), (4, 4), (4, 5), (4, 6), (4, 7), (4, 8), (4, 9), (3, 9), (2, 9)]}","{'orange triangle78': ['right', 'right', 'right', 'up', 'up', 'up', 'up', 'up', 'up', 'up', 'up'], 'orange triangle42': ['up', 'up'], 'purple square29': ['up', 'up', 'up', 'up', 'up', 'up', 'up', 'up', 'up', 'left', 'left']}"
69,"(0, 5)","(6, 5)",green square25,"['square', 'orange', 'triangle', 'green']","{(9, 3): 'green square93', (2, 5): 'green square25', (8, 8): 'orange triangle88'}",3,N,DIY,do,90,"{'green square93': (9, 3), 'green square25': (2, 5), 'orange triangle88': (8, 8)}","{'green square93': [(6, 5), (6, 4), (6, 3), (7, 3), (8, 3), (9, 3)], 'green square25': [(6, 5), (5, 5), (4, 5), (3, 5), (2, 5)], 'orange triangle88': [(6, 5), (6, 6), (6, 7), (6, 8), (7, 8), (8, 8)]}","{'green square93': ['down', 'down', 'right', 'right', 'right'], 'green square25': ['left', 'left', 'left', 'left'], 'orange triangle88': ['up', 'up', 'up', 'right', 'right']}","{'green square93': [(0, 5), (0, 4), (0, 3), (1, 3), (2, 3), (3, 3), (4, 3), (5, 3), (6, 3), (7, 3), (8, 3), (9, 3)], 'green square25': [(0, 5), (1, 5), (2, 5)], 'orange triangle88': [(0, 5), (1, 5), (2, 5), (3, 5), (4, 5), (5, 5), (6, 5), (7, 5), (8, 5), (8, 6), (8, 7), (8, 8)]}","{'green square93': ['down', 'down', 'right', 'right', 'right', 'right', 'right', 'right', 'right', 'right', 'right'], 'green square25': ['right', 'right'], 'orange triangle88': ['right', 'right', 'right', 'right', 'right', 'right', 'right', 'right', 'up', 'up', 'up']}"
70,"(5, 9)","(5, 3)",purple triangle57,"['square', 'orange', 'triangle', 'purple']","{(7, 0): 'purple triangle70', (5, 7): 'purple triangle57', (1, 0): 'orange square10'}",3,N,DIY,do,180,"{'purple triangle70': (7, 0), 'purple triangle57': (5, 7), 'orange square10': (1, 0)}","{'purple triangle70': [(5, 3), (6, 3), (7, 3), (7, 2), (7, 1), (7, 0)], 'purple triangle57': [(5, 3), (5, 4), (5, 5), (5, 6), (5, 7)], 'orange square10': [(5, 3), (4, 3), (3, 3), (2, 3), (1, 3), (1, 2), (1, 1), (1, 0)]}","{'purple triangle70': ['right', 'right', 'down', 'down', 'down'], 'purple triangle57': ['up', 'up', 'up', 'up'], 'orange square10': ['left', 'left', 'left', 'left', 'down', 'down', 'down']}","{'purple triangle70': [(5, 9), (5, 8), (5, 7), (5, 6), (5, 5), (5, 4), (5, 3), (5, 2), (5, 1), (5, 0), (6, 0), (7, 0)], 'purple triangle57': [(5, 9), (5, 8), (5, 7)], 'orange square10': [(5, 9), (5, 8), (5, 7), (5, 6), (5, 5), (5, 4), (5, 3), (5, 2), (5, 1), (5, 0), (4, 0), (3, 0), (2, 0), (1, 0)]}","{'purple triangle70': ['down', 'down', 'down', 'down', 'down', 'down', 'down', 'down', 'down', 'right', 'right'], 'purple triangle57': ['down', 'down'], 'orange square10': ['down', 'down', 'down', 'down', 'down', 'down', 'down', 'down', 'down', 'left', 'left', 'left', 'left']}"
71,"(9, 4)","(3, 4)",green triangle74,"['square', 'orange', 'triangle', 'green']","{(0, 1): 'green triangle01', (7, 4): 'green triangle74', (1, 8): 'orange square18'}",3,N,DIY,do,270,"{'green triangle01': (0, 1), 'green triangle74': (7, 4), 'orange square18': (1, 8)}","{'green triangle01': [(3, 4), (2, 4), (1, 4), (0, 4), (0, 3), (0, 2), (0, 1)], 'green triangle74': [(3, 4), (4, 4), (5, 4), (6, 4), (7, 4)], 'orange square18': [(3, 4), (3, 5), (3, 6), (3, 7), (3, 8), (2, 8), (1, 8)]}","{'green triangle01': ['left', 'left', 'left', 'down', 'down', 'down'], 'green triangle74': ['right', 'right', 'right', 'right'], 'orange square18': ['up', 'up', 'up', 'up', 'left', 'left']}","{'green triangle01': [(9, 4), (8, 4), (7, 4), (6, 4), (5, 4), (4, 4), (3, 4), (2, 4), (1, 4), (0, 4), (0, 3), (0, 2), (0, 1)], 'green triangle74': [(9, 4), (8, 4), (7, 4)], 'orange square18': [(9, 4), (8, 4), (7, 4), (6, 4), (5, 4), (4, 4), (4, 5), (4, 6), (4, 7), (4, 8), (3, 8), (2, 8), (1, 8)]}","{'green triangle01': ['left', 'left', 'left', 'left', 'left', 'left', 'left', 'left', 'left', 'down', 'down', 'down'], 'green triangle74': ['left', 'left'], 'orange square18': ['left', 'left', 'left', 'left', 'left', 'up', 'up', 'up', 'up', 'left', 'left', 'left']}"
72,"(4, 0)","(4, 6)",purple square42,"['square', 'orange', 'circle', 'purple']","{(0, 4): 'purple square04', (4, 2): 'purple square42', (8, 4): 'orange circle84'}",3,N,DIY,do,0,"{'purple square04': (0, 4), 'purple square42': (4, 2), 'orange circle84': (8, 4)}","{'purple square04': [(4, 6), (3, 6), (2, 6), (1, 6), (0, 6), (0, 5), (0, 4)], 'purple square42': [(4, 6), (4, 5), (4, 4), (4, 3), (4, 2)], 'orange circle84': [(4, 6), (5, 6), (6, 6), (7, 6), (8, 6), (8, 5), (8, 4)]}","{'purple square04': ['left', 'left', 'left', 'left', 'down', 'down'], 'purple square42': ['down', 'down', 'down', 'down'], 'orange circle84': ['right', 'right', 'right', 'right', 'down', 'down']}","{'purple square04': [(4, 0), (3, 0), (2, 0), (2, 1), (2, 2), (2, 3), (2, 4), (1, 4), (0, 4)], 'purple square42': [(4, 0), (4, 1), (4, 2)], 'orange circle84': [(4, 0), (4, 1), (4, 2), (4, 3), (4, 4), (5, 4), (6, 4), (7, 4), (8, 4)]}","{'purple square04': ['left', 'left', 'up', 'up', 'up', 'up', 'left', 'left'], 'purple square42': ['up', 'up'], 'orange circle84': ['up', 'up', 'up', 'up', 'right', 'right', 'right', 'right']}"
73,"(0, 5)","(6, 5)",orange triangle14,"['orange', 'circle', 'triangle', 'purple']","{(8, 9): 'purple triangle89', (1, 4): 'orange triangle14', (5, 1): 'orange circle51'}",3,N,DIY,do,90,"{'purple triangle89': (8, 9), 'orange triangle14': (1, 4), 'orange circle51': (5, 1)}","{'purple triangle89': [(6, 5), (7, 5), (8, 5), (8, 6), (8, 7), (8, 8), (8, 9)], 'orange triangle14': [(6, 5), (5, 5), (4, 5), (3, 5), (2, 5), (1, 5), (1, 4)], 'orange circle51': [(6, 5), (5, 5), (5, 4), (5, 3), (5, 2), (5, 1)]}","{'purple triangle89': ['right', 'right', 'up', 'up', 'up', 'up'], 'orange triangle14': ['left', 'left', 'left', 'left', 'left', 'down'], 'orange circle51': ['left', 'down', 'down', 'down', 'down']}","{'purple triangle89': [(0, 5), (1, 5), (2, 5), (3, 5), (4, 5), (5, 5), (6, 5), (7, 5), (8, 5), (8, 6), (8, 7), (8, 8), (8, 9)], 'orange triangle14': [(0, 5), (0, 4), (1, 4)], 'orange circle51': [(0, 5), (0, 4), (1, 4), (2, 4), (3, 4), (4, 4), (5, 4), (5, 3), (5, 2), (5, 1)]}","{'purple triangle89': ['right', 'right', 'right', 'right', 'right', 'right', 'right', 'right', 'up', 'up', 'up', 'up'], 'orange triangle14': ['down', 'right'], 'orange circle51': ['down', 'right', 'right', 'right', 'right', 'right', 'down', 'down', 'down']}"
74,"(5, 9)","(5, 3)",purple square67,"['square', 'orange', 'circle', 'purple']","{(1, 2): 'purple circle12', (6, 7): 'purple square67', (7, 0): 'orange square70'}",3,N,DIY,do,180,"{'purple circle12': (1, 2), 'purple square67': (6, 7), 'orange square70': (7, 0)}","{'purple circle12': [(5, 3), (4, 3), (3, 3), (2, 3), (1, 3), (1, 2)], 'purple square67': [(5, 3), (5, 4), (5, 5), (5, 6), (5, 7), (6, 7)], 'orange square70': [(5, 3), (5, 2), (5, 1), (5, 0), (6, 0), (7, 0)]}","{'purple circle12': ['left', 'left', 'left', 'left', 'down'], 'purple square67': ['up', 'up', 'up', 'up', 'right'], 'orange square70': ['down', 'down', 'down', 'right', 'right']}","{'purple circle12': [(5, 9), (4, 9), (3, 9), (2, 9), (1, 9), (1, 8), (1, 7), (1, 6), (1, 5), (1, 4), (1, 3), (1, 2)], 'purple square67': [(5, 9), (6, 9), (6, 8), (6, 7)], 'orange square70': [(5, 9), (5, 8), (5, 7), (5, 6), (5, 5), (5, 4), (5, 3), (5, 2), (5, 1), (5, 0), (6, 0), (7, 0)]}","{'purple circle12': ['left', 'left', 'left', 'left', 'down', 'down', 'down', 'down', 'down', 'down', 'down'], 'purple square67': ['right', 'down', 'down'], 'orange square70': ['down', 'down', 'down', 'down', 'down', 'down', 'down', 'down', 'down', 'right', 'right']}"
75,"(9, 4)","(3, 4)",purple triangle73,"['square', 'orange', 'triangle', 'purple']","{(2, 0): 'purple square20', (7, 3): 'purple triangle73', (2, 8): 'orange triangle28'}",3,N,DIY,do,270,"{'purple square20': (2, 0), 'purple triangle73': (7, 3), 'orange triangle28': (2, 8)}","{'purple square20': [(3, 4), (2, 4), (2, 3), (2, 2), (2, 1), (2, 0)], 'purple triangle73': [(3, 4), (4, 4), (5, 4), (6, 4), (7, 4), (7, 3)], 'orange triangle28': [(3, 4), (3, 5), (3, 6), (3, 7), (3, 8), (2, 8)]}","{'purple square20': ['left', 'down', 'down', 'down', 'down'], 'purple triangle73': ['right', 'right', 'right', 'right', 'down'], 'orange triangle28': ['up', 'up', 'up', 'up', 'left']}","{'purple square20': [(9, 4), (9, 3), (9, 2), (9, 1), (9, 0), (8, 0), (7, 0), (6, 0), (5, 0), (4, 0), (3, 0), (2, 0)], 'purple triangle73': [(9, 4), (9, 3), (8, 3), (7, 3)], 'orange triangle28': [(9, 4), (9, 5), (9, 6), (9, 7), (9, 8), (8, 8), (7, 8), (6, 8), (5, 8), (4, 8), (3, 8), (2, 8)]}","{'purple square20': ['down', 'down', 'down', 'down', 'left', 'left', 'left', 'left', 'left', 'left', 'left'], 'purple triangle73': ['down', 'left', 'left'], 'orange triangle28': ['up', 'up', 'up', 'up', 'left', 'left', 'left', 'left', 'left', 'left', 'left']}"
76,"(4, 0)","(4, 6)",purple circle42,"['orange', 'circle', 'triangle', 'purple']","{(2, 4): 'purple triangle24', (4, 2): 'purple circle42', (8, 4): 'orange circle84'}",3,N,DIY,do,0,"{'purple triangle24': (2, 4), 'purple circle42': (4, 2), 'orange circle84': (8, 4)}","{'purple triangle24': [(4, 6), (3, 6), (2, 6), (2, 5), (2, 4)], 'purple circle42': [(4, 6), (4, 5), (4, 4), (4, 3), (4, 2)], 'orange circle84': [(4, 6), (5, 6), (6, 6), (7, 6), (8, 6), (8, 5), (8, 4)]}","{'purple triangle24': ['left', 'left', 'down', 'down'], 'purple circle42': ['down', 'down', 'down', 'down'], 'orange circle84': ['right', 'right', 'right', 'right', 'down', 'down']}","{'purple triangle24': [(4, 0), (4, 1), (4, 2), (4, 3), (4, 4), (3, 4), (2, 4)], 'purple circle42': [(4, 0), (4, 1), (4, 2)], 'orange circle84': [(4, 0), (5, 0), (6, 0), (7, 0), (8, 0), (8, 1), (8, 2), (8, 3), (8, 4)]}","{'purple triangle24': ['up', 'up', 'up', 'up', 'left', 'left'], 'purple circle42': ['up', 'up'], 'orange circle84': ['right', 'right', 'right', 'right', 'up', 'up', 'up', 'up']}"
77,"(0, 5)","(6, 5)",purple circle17,"['square', 'circle', 'purple', 'green']","{(9, 9): 'green circle99', (1, 7): 'purple circle17', (7, 1): 'purple square71'}",3,N,DIY,do,90,"{'green circle99': (9, 9), 'purple circle17': (1, 7), 'purple square71': (7, 1)}","{'green circle99': [(6, 5), (7, 5), (8, 5), (9, 5), (9, 6), (9, 7), (9, 8), (9, 9)], 'purple circle17': [(6, 5), (6, 6), (6, 7), (5, 7), (4, 7), (3, 7), (2, 7), (1, 7)], 'purple square71': [(6, 5), (7, 5), (7, 4), (7, 3), (7, 2), (7, 1)]}","{'green circle99': ['right', 'right', 'right', 'up', 'up', 'up', 'up'], 'purple circle17': ['up', 'up', 'left', 'left', 'left', 'left', 'left'], 'purple square71': ['right', 'down', 'down', 'down', 'down']}","{'green circle99': [(0, 5), (0, 6), (0, 7), (0, 8), (0, 9), (1, 9), (2, 9), (3, 9), (4, 9), (5, 9), (6, 9), (7, 9), (8, 9), (9, 9)], 'purple circle17': [(0, 5), (0, 6), (0, 7), (1, 7)], 'purple square71': [(0, 5), (0, 4), (0, 3), (0, 2), (0, 1), (1, 1), (2, 1), (3, 1), (4, 1), (5, 1), (6, 1), (7, 1)]}","{'green circle99': ['up', 'up', 'up', 'up', 'right', 'right', 'right', 'right', 'right', 'right', 'right', 'right', 'right'], 'purple circle17': ['up', 'up', 'right'], 'purple square71': ['down', 'down', 'down', 'down', 'right', 'right', 'right', 'right', 'right', 'right', 'right']}"
78,"(5, 9)","(5, 3)",green square57,"['square', 'circle', 'purple', 'green']","{(9, 3): 'green circle93', (5, 7): 'green square57', (2, 2): 'purple square22'}",3,N,DIY,do,180,"{'green circle93': (9, 3), 'green square57': (5, 7), 'purple square22': (2, 2)}","{'green circle93': [(5, 3), (6, 3), (7, 3), (8, 3), (9, 3)], 'green square57': [(5, 3), (5, 4), (5, 5), (5, 6), (5, 7)], 'purple square22': [(5, 3), (5, 2), (4, 2), (3, 2), (2, 2)]}","{'green circle93': ['right', 'right', 'right', 'right'], 'green square57': ['up', 'up', 'up', 'up'], 'purple square22': ['down', 'left', 'left', 'left']}","{'green circle93': [(5, 9), (6, 9), (7, 9), (8, 9), (9, 9), (9, 8), (9, 7), (9, 6), (9, 5), (9, 4), (9, 3)], 'green square57': [(5, 9), (5, 8), (5, 7)], 'purple square22': [(5, 9), (4, 9), (3, 9), (2, 9), (2, 8), (2, 7), (2, 6), (2, 5), (2, 4), (2, 3), (2, 2)]}","{'green circle93': ['right', 'right', 'right', 'right', 'down', 'down', 'down', 'down', 'down', 'down'], 'green square57': ['down', 'down'], 'purple square22': ['left', 'left', 'left', 'down', 'down', 'down', 'down', 'down', 'down', 'down']}"
79,"(9, 4)","(3, 4)",purple square74,"['square', 'orange', 'triangle', 'purple']","{(1, 2): 'purple triangle12', (7, 4): 'purple square74', (0, 6): 'orange square06'}",3,N,DIY,do,270,"{'purple triangle12': (1, 2), 'purple square74': (7, 4), 'orange square06': (0, 6)}","{'purple triangle12': [(3, 4), (2, 4), (1, 4), (1, 3), (1, 2)], 'purple square74': [(3, 4), (4, 4), (5, 4), (6, 4), (7, 4)], 'orange square06': [(3, 4), (2, 4), (1, 4), (0, 4), (0, 5), (0, 6)]}","{'purple triangle12': ['left', 'left', 'down', 'down'], 'purple square74': ['right', 'right', 'right', 'right'], 'orange square06': ['left', 'left', 'left', 'up', 'up']}","{'purple triangle12': [(9, 4), (8, 4), (7, 4), (6, 4), (5, 4), (4, 4), (3, 4), (2, 4), (1, 4), (1, 3), (1, 2)], 'purple square74': [(9, 4), (8, 4), (7, 4)], 'orange square06': [(9, 4), (9, 5), (9, 6), (8, 6), (7, 6), (6, 6), (5, 6), (4, 6), (3, 6), (2, 6), (1, 6), (0, 6)]}","{'purple triangle12': ['left', 'left', 'left', 'left', 'left', 'left', 'left', 'left', 'down', 'down'], 'purple square74': ['left', 'left'], 'orange square06': ['up', 'up', 'left', 'left', 'left', 'left', 'left', 'left', 'left', 'left', 'left']}"
